INSERT INTO `item` (`id`, `identifier`, `configuration_mode`, `externalid`, `configurable`, `deactivated`, `minimum_order_amount`, `date_created`, `date_updated`, `date_deleted`, `user_created_id`, `user_updated_id`, `user_deleted_id`, `parent_id`)
VALUES
	(2, 'demo_calendar_designer', 'designer', NULL, NULL, false, 100, '2019-07-09 16:05:52', '2019-07-09 16:05:52', '0001-01-01 00:00:00', NULL, NULL, NULL, NULL),
	(15, 'demo_pen_designer', 'designer', NULL, NULL, false, 500, '2019-07-09 16:05:58', '2019-07-09 16:05:58', '0001-01-01 00:00:00', NULL, NULL, NULL, NULL),
    (20, 'demo_hoodie_creator_designer', 'creator+designer', NULL, NULL, false, 500, '2019-07-09 16:05:58', '2019-07-09 16:05:58', '0001-01-01 00:00:00', NULL, NULL, NULL, NULL),
    (25, 'demo_pen_creator_designer', 'creator+designer', NULL, NULL, false, 500, '2019-07-09 16:05:58', '2019-07-09 16:05:58', '0001-01-01 00:00:00', NULL, NULL, NULL, NULL);

INSERT INTO `design_area` (`id`, `identifier`, `sequence_number`, `height`, `width`, `custom_data`, `date_created`, `date_updated`, `date_deleted`, `user_created_id`, `user_updated_id`, `user_deleted_id`, `item_id`, `option_id`)
VALUES
	(2,'front_center',1,60,50,NULL,'2019-07-09 16:05:55','2019-07-09 16:05:55','0001-01-01 00:00:00',NULL,NULL,NULL,2,NULL),
	(3,'rear_center',2,100,1000,NULL,'2019-07-09 16:05:55','2019-07-09 16:05:55','0001-01-01 00:00:00',NULL,NULL,NULL,2,NULL),
	(4,'sleeve',3,100,1000,NULL,'2019-07-09 16:05:55','2019-07-09 16:05:55','0001-01-01 00:00:00',NULL,NULL,NULL,2,NULL),
	(5,'a_1',1,45,20,NULL,'2019-07-09 16:05:58','2019-07-09 16:05:58','0001-01-01 00:00:00',NULL,NULL,NULL,15,NULL),
	(6,'a_2',2,50,12,NULL,'2019-07-09 16:05:58','2019-07-09 16:05:58','0001-01-01 00:00:00',NULL,NULL,NULL,15,NULL),
	(7,'c_1',3,35,7,NULL,'2019-07-09 16:05:58','2019-07-09 16:05:58','0001-01-01 00:00:00',NULL,NULL,NULL,15,NULL),
	(8,'c_2',4,40,5,NULL,'2019-07-09 16:05:58','2019-07-09 16:05:58','0001-01-01 00:00:00',NULL,NULL,NULL,15,NULL),
	(9,'d',5,60,35,NULL,'2019-07-09 16:05:58','2019-07-09 16:05:58','0001-01-01 00:00:00',NULL,NULL,NULL,15,NULL),
    (14,'front_center',1,60,50,NULL,'2019-07-09 16:05:55','2019-07-09 16:05:55','0001-01-01 00:00:00',NULL,NULL,NULL,20,NULL),
    (15,'rear_center',2,100,1000,NULL,'2019-07-09 16:05:55','2019-07-09 16:05:55','0001-01-01 00:00:00',NULL,NULL,NULL,20,NULL),
    (16,'sleeve',3,100,1000,NULL,'2019-07-09 16:05:55','2019-07-09 16:05:55','0001-01-01 00:00:00',NULL,NULL,NULL,20,NULL),
    (17,'a_1',1,45,20,NULL,'2019-07-09 16:05:58','2019-07-09 16:05:58','0001-01-01 00:00:00',NULL,NULL,NULL,25,NULL),
    (18,'a_2',2,50,12,NULL,'2019-07-09 16:05:58','2019-07-09 16:05:58','0001-01-01 00:00:00',NULL,NULL,NULL,25,NULL),
    (19,'c_1',3,35,7,NULL,'2019-07-09 16:05:58','2019-07-09 16:05:58','0001-01-01 00:00:00',NULL,NULL,NULL,25,NULL),
    (20,'c_2',4,40,5,NULL,'2019-07-09 16:05:58','2019-07-09 16:05:58','0001-01-01 00:00:00',NULL,NULL,NULL,25,NULL),
    (21,'d',5,60,35,NULL,'2019-07-09 16:05:58','2019-07-09 16:05:58','0001-01-01 00:00:00',NULL,NULL,NULL,25,NULL);

INSERT INTO `design_area_text` (`id`, `title`, `date_created`, `date_updated`, `date_deleted`, `user_created_id`, `user_updated_id`, `user_deleted_id`, `design_area_id`, `language_id`)
VALUES
    (2,'Front center','2019-07-09 16:05:55','2019-07-09 16:05:55','0001-01-01 00:00:00',NULL,NULL,NULL,2,1),
    (3,'Vorderseite mittig','2019-07-09 16:05:55','2019-07-09 16:05:55','0001-01-01 00:00:00',NULL,NULL,NULL,2,2),
    (4,'Rear center','2019-07-09 16:05:55','2019-07-09 16:05:55','0001-01-01 00:00:00',NULL,NULL,NULL,3,1),
    (5,'Rückseite Mitte','2019-07-09 16:05:55','2019-07-09 16:05:55','0001-01-01 00:00:00',NULL,NULL,NULL,3,2),
    (6,'Sleeve','2019-07-09 16:05:55','2019-07-09 16:05:55','0001-01-01 00:00:00',NULL,NULL,NULL,4,1),
    (7,'Ärmel','2019-07-09 16:05:55','2019-07-09 16:05:55','0001-01-01 00:00:00',NULL,NULL,NULL,4,2),
    (8,'Shaft 1','2019-07-09 16:05:58','2019-07-09 16:05:58','0001-01-01 00:00:00',NULL,NULL,NULL,5,1),
    (9,'Shaft 1','2019-07-09 16:05:58','2019-07-09 16:05:58','0001-01-01 00:00:00',NULL,NULL,NULL,5,2),
    (10,'Shaft 2','2019-07-09 16:05:58','2019-07-09 16:05:58','0001-01-01 00:00:00',NULL,NULL,NULL,6,1),
    (11,'Shaft 2','2019-07-09 16:05:58','2019-07-09 16:05:58','0001-01-01 00:00:00',NULL,NULL,NULL,6,2),
    (12,'Clip 1','2019-07-09 16:05:58','2019-07-09 16:05:58','0001-01-01 00:00:00',NULL,NULL,NULL,7,1),
    (13,'Clip 1','2019-07-09 16:05:58','2019-07-09 16:05:58','0001-01-01 00:00:00',NULL,NULL,NULL,7,2),
    (14,'Clip 2','2019-07-09 16:05:58','2019-07-09 16:05:58','0001-01-01 00:00:00',NULL,NULL,NULL,8,1),
    (15,'Clip 2','2019-07-09 16:05:58','2019-07-09 16:05:58','0001-01-01 00:00:00',NULL,NULL,NULL,8,2),
    (16,'360°','2019-07-09 16:05:58','2019-07-09 16:05:58','0001-01-01 00:00:00',NULL,NULL,NULL,9,1),
    (17,'Rundum','2019-07-09 16:05:58','2019-07-09 16:05:58','0001-01-01 00:00:00',NULL,NULL,NULL,9,2);

INSERT INTO `design_area_design_production_method` (`id`, `width`, `height`, `additional_data`, `custom_data`, `date_created`, `date_updated`, `date_deleted`, `user_created_id`, `user_updated_id`, `user_deleted_id`, `design_area_id`, `design_production_method_id`)
VALUES
	(2,NULL,NULL,NULL,NULL,'2019-07-09 16:05:55','2019-07-09 16:05:55','0001-01-01 00:00:00',NULL,NULL,NULL,2,1),
	(3,NULL,NULL,NULL,NULL,'2019-07-09 16:05:55','2019-07-09 16:05:55','0001-01-01 00:00:00',NULL,NULL,NULL,2,2),
	(4,NULL,NULL,NULL,NULL,'2019-07-09 16:05:55','2019-07-09 16:05:55','0001-01-01 00:00:00',NULL,NULL,NULL,3,1),
	(5,NULL,NULL,NULL,NULL,'2019-07-09 16:05:55','2019-07-09 16:05:55','0001-01-01 00:00:00',NULL,NULL,NULL,3,2),
	(6,NULL,NULL,NULL,NULL,'2019-07-09 16:05:55','2019-07-09 16:05:55','0001-01-01 00:00:00',NULL,NULL,NULL,4,1),
	(7,NULL,NULL,NULL,NULL,'2019-07-09 16:05:55','2019-07-09 16:05:55','0001-01-01 00:00:00',NULL,NULL,NULL,4,2),
	(8,NULL,NULL,NULL,NULL,'2019-07-09 16:05:58','2019-07-09 16:05:58','0001-01-01 00:00:00',NULL,NULL,NULL,5,1),
	(9,NULL,NULL,NULL,NULL,'2019-07-09 16:05:58','2019-07-09 16:05:58','0001-01-01 00:00:00',NULL,NULL,NULL,5,2),
	(10,NULL,NULL,NULL,NULL,'2019-07-09 16:05:58','2019-07-09 16:05:58','0001-01-01 00:00:00',NULL,NULL,NULL,6,1),
	(11,NULL,NULL,NULL,NULL,'2019-07-09 16:05:58','2019-07-09 16:05:58','0001-01-01 00:00:00',NULL,NULL,NULL,6,2),
	(12,NULL,NULL,NULL,NULL,'2019-07-09 16:05:58','2019-07-09 16:05:58','0001-01-01 00:00:00',NULL,NULL,NULL,7,1),
	(13,NULL,NULL,NULL,NULL,'2019-07-09 16:05:58','2019-07-09 16:05:58','0001-01-01 00:00:00',NULL,NULL,NULL,7,2),
	(14,NULL,NULL,NULL,NULL,'2019-07-09 16:05:58','2019-07-09 16:05:58','0001-01-01 00:00:00',NULL,NULL,NULL,8,1),
	(15,NULL,NULL,NULL,NULL,'2019-07-09 16:05:58','2019-07-09 16:05:58','0001-01-01 00:00:00',NULL,NULL,NULL,8,2),
	(16,NULL,NULL,NULL,NULL,'2019-07-09 16:05:58','2019-07-09 16:05:58','0001-01-01 00:00:00',NULL,NULL,NULL,9,1),
	(17,NULL,NULL,NULL,NULL,'2019-07-09 16:05:58','2019-07-09 16:05:58','0001-01-01 00:00:00',NULL,NULL,NULL,9,2),
    (28,NULL,NULL,NULL,NULL,'2019-07-09 16:05:55','2019-07-09 16:05:55','0001-01-01 00:00:00',NULL,NULL,NULL,14,1),
    (29,NULL,NULL,NULL,NULL,'2019-07-09 16:05:55','2019-07-09 16:05:55','0001-01-01 00:00:00',NULL,NULL,NULL,14,2),
    (30,NULL,NULL,NULL,NULL,'2019-07-09 16:05:55','2019-07-09 16:05:55','0001-01-01 00:00:00',NULL,NULL,NULL,15,1),
    (31,NULL,NULL,NULL,NULL,'2019-07-09 16:05:55','2019-07-09 16:05:55','0001-01-01 00:00:00',NULL,NULL,NULL,15,2),
    (32,NULL,NULL,NULL,NULL,'2019-07-09 16:05:55','2019-07-09 16:05:55','0001-01-01 00:00:00',NULL,NULL,NULL,16,1),
    (33,NULL,NULL,NULL,NULL,'2019-07-09 16:05:55','2019-07-09 16:05:55','0001-01-01 00:00:00',NULL,NULL,NULL,16,2),
    (34,NULL,NULL,NULL,NULL,'2019-07-09 16:05:58','2019-07-09 16:05:58','0001-01-01 00:00:00',NULL,NULL,NULL,17,1),
    (35,NULL,NULL,NULL,NULL,'2019-07-09 16:05:58','2019-07-09 16:05:58','0001-01-01 00:00:00',NULL,NULL,NULL,17,2),
    (36,NULL,NULL,NULL,NULL,'2019-07-09 16:05:58','2019-07-09 16:05:58','0001-01-01 00:00:00',NULL,NULL,NULL,18,1),
    (37,NULL,NULL,NULL,NULL,'2019-07-09 16:05:58','2019-07-09 16:05:58','0001-01-01 00:00:00',NULL,NULL,NULL,18,2),
    (38,NULL,NULL,NULL,NULL,'2019-07-09 16:05:58','2019-07-09 16:05:58','0001-01-01 00:00:00',NULL,NULL,NULL,19,1),
    (39,NULL,NULL,NULL,NULL,'2019-07-09 16:05:58','2019-07-09 16:05:58','0001-01-01 00:00:00',NULL,NULL,NULL,19,2),
    (40,NULL,NULL,NULL,NULL,'2019-07-09 16:05:58','2019-07-09 16:05:58','0001-01-01 00:00:00',NULL,NULL,NULL,20,1),
    (41,NULL,NULL,NULL,NULL,'2019-07-09 16:05:58','2019-07-09 16:05:58','0001-01-01 00:00:00',NULL,NULL,NULL,20,2),
    (42,NULL,NULL,NULL,NULL,'2019-07-09 16:05:58','2019-07-09 16:05:58','0001-01-01 00:00:00',NULL,NULL,NULL,21,1),
    (43,NULL,NULL,NULL,NULL,'2019-07-09 16:05:58','2019-07-09 16:05:58','0001-01-01 00:00:00',NULL,NULL,NULL,21,2);

INSERT INTO `designer_production_calculation_type` (`id`, `design_production_method_id`, `identifier`, `color_amount_dependent`, `item_amount_dependent`, `selectable_by_user`, `declare_separately`, `bulk_name_dependent`, `price_per_item`, `date_created`, `date_updated`, `date_deleted`, `user_created_id`, `user_updated_id`, `user_deleted_id`)
VALUES
    (1, 1, 'printing_costs_screen_printing', 0, 1, 0, 0, 0, 1, '2022-03-16 15:23:16', NULL, '0001-01-01 00:00:00', 0, NULL, NULL),
    (2, 1, 'setup_costs_screen_printing', 0, 0, 0, 0, 0, NULL, '2022-03-16 15:23:16', NULL, '0001-01-01 00:00:00', 0, NULL, NULL),
    (3, 5, 'printing_costs_embroidery', 0, 1, 0, 0, 0, 1, '2022-03-16 15:23:16', NULL, '0001-01-01 00:00:00', 0, NULL, NULL),
    (4, 5, 'setup_costs_embroidery', 0, 0, 0, 0, 0, NULL, '2022-03-16 15:23:16', NULL, '0001-01-01 00:00:00', 0, NULL, NULL),
    (5, 6, 'printing_costs_digital_printing', 0, 1, 0, 0, 0, 1, '2022-03-16 15:23:16', NULL, '0001-01-01 00:00:00', 0, NULL, NULL),
    (6, 6, 'setup_costs_digital_printing', 0, 0, 0, 0, 0, NULL, '2022-03-16 15:23:16', NULL, '0001-01-01 00:00:00', 0, NULL, NULL);

INSERT INTO `design_area_design_production_method_price` (`id`, `amount_from`, `color_amount_from`, `price`, `price_net`, `date_created`, `date_updated`, `date_deleted`, `user_created_id`, `user_updated_id`, `user_deleted_id`, `channel_id`, `designer_production_calculation_type_id`, `design_area_design_production_method_id`)
VALUES
	(2,20,1,0.98000,0.98000,'2019-07-09 16:05:55','2019-07-09 16:05:55','0001-01-01 00:00:00',NULL,NULL,NULL,1,5,2),
	(3,20,2,1.76000,1.76000,'2019-07-09 16:05:55','2019-07-09 16:05:55','0001-01-01 00:00:00',NULL,NULL,NULL,1,5,2),
	(4,20,3,2.54000,2.54000,'2019-07-09 16:05:55','2019-07-09 16:05:55','0001-01-01 00:00:00',NULL,NULL,NULL,1,5,2),
	(5,20,4,3.32000,3.32000,'2019-07-09 16:05:55','2019-07-09 16:05:55','0001-01-01 00:00:00',NULL,NULL,NULL,1,5,2),
	(6,50,1,0.65000,0.65000,'2019-07-09 16:05:55','2019-07-09 16:05:55','0001-01-01 00:00:00',NULL,NULL,NULL,1,5,2),
	(7,50,2,1.12000,1.12000,'2019-07-09 16:05:55','2019-07-09 16:05:55','0001-01-01 00:00:00',NULL,NULL,NULL,1,5,2),
	(8,50,3,1.58000,1.58000,'2019-07-09 16:05:55','2019-07-09 16:05:55','0001-01-01 00:00:00',NULL,NULL,NULL,1,5,2),
	(9,50,4,2.05000,2.05000,'2019-07-09 16:05:55','2019-07-09 16:05:55','0001-01-01 00:00:00',NULL,NULL,NULL,1,5,2),
	(10,100,1,0.46000,0.46000,'2019-07-09 16:05:55','2019-07-09 16:05:55','0001-01-01 00:00:00',NULL,NULL,NULL,1,5,2),
	(11,100,2,0.75000,0.75000,'2019-07-09 16:05:55','2019-07-09 16:05:55','0001-01-01 00:00:00',NULL,NULL,NULL,1,5,2),
	(12,100,3,1.04000,1.04000,'2019-07-09 16:05:55','2019-07-09 16:05:55','0001-01-01 00:00:00',NULL,NULL,NULL,1,5,2),
	(13,100,4,1.33000,1.33000,'2019-07-09 16:05:55','2019-07-09 16:05:55','0001-01-01 00:00:00',NULL,NULL,NULL,1,5,2),
	(14,500,1,0.29000,0.29000,'2019-07-09 16:05:55','2019-07-09 16:05:55','0001-01-01 00:00:00',NULL,NULL,NULL,1,5,2),
	(15,500,2,0.44000,0.44000,'2019-07-09 16:05:55','2019-07-09 16:05:55','0001-01-01 00:00:00',NULL,NULL,NULL,1,5,2),
	(16,500,3,0.59000,0.59000,'2019-07-09 16:05:55','2019-07-09 16:05:55','0001-01-01 00:00:00',NULL,NULL,NULL,1,5,2),
	(17,500,4,0.73000,0.73000,'2019-07-09 16:05:55','2019-07-09 16:05:55','0001-01-01 00:00:00',NULL,NULL,NULL,1,5,2),
	(18,1000,1,0.24000,0.24000,'2019-07-09 16:05:55','2019-07-09 16:05:55','0001-01-01 00:00:00',NULL,NULL,NULL,1,5,2),
	(19,1000,2,0.37000,0.37000,'2019-07-09 16:05:55','2019-07-09 16:05:55','0001-01-01 00:00:00',NULL,NULL,NULL,1,5,2),
	(20,1000,3,0.51000,0.51000,'2019-07-09 16:05:55','2019-07-09 16:05:55','0001-01-01 00:00:00',NULL,NULL,NULL,1,5,2),
	(21,1000,4,0.64000,0.64000,'2019-07-09 16:05:55','2019-07-09 16:05:55','0001-01-01 00:00:00',NULL,NULL,NULL,1,5,2),
	(22,3500,1,0.20000,0.20000,'2019-07-09 16:05:55','2019-07-09 16:05:55','0001-01-01 00:00:00',NULL,NULL,NULL,1,5,2),
	(23,3500,2,0.33000,0.33000,'2019-07-09 16:05:55','2019-07-09 16:05:55','0001-01-01 00:00:00',NULL,NULL,NULL,1,5,2),
	(24,3500,3,0.47000,0.47000,'2019-07-09 16:05:55','2019-07-09 16:05:55','0001-01-01 00:00:00',NULL,NULL,NULL,1,5,2),
	(25,3500,4,0.60000,0.60000,'2019-07-09 16:05:55','2019-07-09 16:05:55','0001-01-01 00:00:00',NULL,NULL,NULL,1,5,2),
	(26,20,1,1.86000,1.86000,'2019-07-09 16:05:55','2019-07-09 16:05:55','0001-01-01 00:00:00',NULL,NULL,NULL,1,3,3),
	(27,20,2,2.52000,2.52000,'2019-07-09 16:05:55','2019-07-09 16:05:55','0001-01-01 00:00:00',NULL,NULL,NULL,1,3,3),
	(28,20,3,3.18000,3.18000,'2019-07-09 16:05:55','2019-07-09 16:05:55','0001-01-01 00:00:00',NULL,NULL,NULL,1,3,3),
	(29,20,4,3.84000,3.84000,'2019-07-09 16:05:55','2019-07-09 16:05:55','0001-01-01 00:00:00',NULL,NULL,NULL,1,3,3),
	(30,50,1,1.17000,1.17000,'2019-07-09 16:05:55','2019-07-09 16:05:55','0001-01-01 00:00:00',NULL,NULL,NULL,1,3,3),
	(31,50,2,1.46000,1.46000,'2019-07-09 16:05:55','2019-07-09 16:05:55','0001-01-01 00:00:00',NULL,NULL,NULL,1,3,3),
	(32,50,3,1.75000,1.75000,'2019-07-09 16:05:55','2019-07-09 16:05:55','0001-01-01 00:00:00',NULL,NULL,NULL,1,3,3),
	(33,50,4,2.03000,2.03000,'2019-07-09 16:05:55','2019-07-09 16:05:55','0001-01-01 00:00:00',NULL,NULL,NULL,1,3,3),
	(34,100,1,0.94000,0.94000,'2019-07-09 16:05:55','2019-07-09 16:05:55','0001-01-01 00:00:00',NULL,NULL,NULL,1,3,3),
	(35,100,2,1.16000,1.16000,'2019-07-09 16:05:55','2019-07-09 16:05:55','0001-01-01 00:00:00',NULL,NULL,NULL,1,3,3),
	(36,100,3,1.38000,1.38000,'2019-07-09 16:05:55','2019-07-09 16:05:55','0001-01-01 00:00:00',NULL,NULL,NULL,1,3,3),
	(37,100,4,1.60000,1.60000,'2019-07-09 16:05:55','2019-07-09 16:05:55','0001-01-01 00:00:00',NULL,NULL,NULL,1,3,3),
	(38,500,1,0.44000,0.44000,'2019-07-09 16:05:55','2019-07-09 16:05:55','0001-01-01 00:00:00',NULL,NULL,NULL,1,3,3),
	(39,500,2,0.60000,0.60000,'2019-07-09 16:05:55','2019-07-09 16:05:55','0001-01-01 00:00:00',NULL,NULL,NULL,1,3,3),
	(40,500,3,0.76000,0.76000,'2019-07-09 16:05:55','2019-07-09 16:05:55','0001-01-01 00:00:00',NULL,NULL,NULL,1,3,3),
	(41,500,4,0.92000,0.92000,'2019-07-09 16:05:55','2019-07-09 16:05:55','0001-01-01 00:00:00',NULL,NULL,NULL,1,3,3),
	(42,1000,1,0.24000,0.24000,'2019-07-09 16:05:55','2019-07-09 16:05:55','0001-01-01 00:00:00',NULL,NULL,NULL,1,3,3),
	(43,1000,2,0.39000,0.39000,'2019-07-09 16:05:55','2019-07-09 16:05:55','0001-01-01 00:00:00',NULL,NULL,NULL,1,3,3),
	(44,1000,3,0.68000,0.68000,'2019-07-09 16:05:55','2019-07-09 16:05:55','0001-01-01 00:00:00',NULL,NULL,NULL,1,3,3),
	(45,1000,4,0.83000,0.83000,'2019-07-09 16:05:55','2019-07-09 16:05:55','0001-01-01 00:00:00',NULL,NULL,NULL,1,3,3),
	(46,3500,1,0.37000,0.37000,'2019-07-09 16:05:55','2019-07-09 16:05:55','0001-01-01 00:00:00',NULL,NULL,NULL,1,3,3),
	(47,3500,2,0.52000,0.52000,'2019-07-09 16:05:55','2019-07-09 16:05:55','0001-01-01 00:00:00',NULL,NULL,NULL,1,3,3),
	(48,3500,3,0.67000,0.67000,'2019-07-09 16:05:55','2019-07-09 16:05:55','0001-01-01 00:00:00',NULL,NULL,NULL,1,3,3),
	(49,3500,4,0.81000,0.81000,'2019-07-09 16:05:55','2019-07-09 16:05:55','0001-01-01 00:00:00',NULL,NULL,NULL,1,3,3),
	(50,20,1,0.98000,0.98000,'2019-07-09 16:05:55','2019-07-09 16:05:55','0001-01-01 00:00:00',NULL,NULL,NULL,1,5,4),
	(51,20,2,1.76000,1.76000,'2019-07-09 16:05:55','2019-07-09 16:05:55','0001-01-01 00:00:00',NULL,NULL,NULL,1,5,4),
	(52,20,3,2.54000,2.54000,'2019-07-09 16:05:55','2019-07-09 16:05:55','0001-01-01 00:00:00',NULL,NULL,NULL,1,5,4),
	(53,20,4,3.32000,3.32000,'2019-07-09 16:05:55','2019-07-09 16:05:55','0001-01-01 00:00:00',NULL,NULL,NULL,1,5,4),
	(54,50,1,0.65000,0.65000,'2019-07-09 16:05:55','2019-07-09 16:05:55','0001-01-01 00:00:00',NULL,NULL,NULL,1,5,4),
	(55,50,2,1.12000,1.12000,'2019-07-09 16:05:55','2019-07-09 16:05:55','0001-01-01 00:00:00',NULL,NULL,NULL,1,5,4),
	(56,50,3,1.58000,1.58000,'2019-07-09 16:05:55','2019-07-09 16:05:55','0001-01-01 00:00:00',NULL,NULL,NULL,1,5,4),
	(57,50,4,2.05000,2.05000,'2019-07-09 16:05:55','2019-07-09 16:05:55','0001-01-01 00:00:00',NULL,NULL,NULL,1,5,4),
	(58,100,1,0.46000,0.46000,'2019-07-09 16:05:55','2019-07-09 16:05:55','0001-01-01 00:00:00',NULL,NULL,NULL,1,5,4),
	(59,100,2,0.75000,0.75000,'2019-07-09 16:05:55','2019-07-09 16:05:55','0001-01-01 00:00:00',NULL,NULL,NULL,1,5,4),
	(60,100,3,1.04000,1.04000,'2019-07-09 16:05:55','2019-07-09 16:05:55','0001-01-01 00:00:00',NULL,NULL,NULL,1,5,4),
	(61,100,4,1.33000,1.33000,'2019-07-09 16:05:55','2019-07-09 16:05:55','0001-01-01 00:00:00',NULL,NULL,NULL,1,5,4),
	(62,500,1,0.29000,0.29000,'2019-07-09 16:05:55','2019-07-09 16:05:55','0001-01-01 00:00:00',NULL,NULL,NULL,1,5,4),
	(63,500,2,0.44000,0.44000,'2019-07-09 16:05:55','2019-07-09 16:05:55','0001-01-01 00:00:00',NULL,NULL,NULL,1,5,4),
	(64,500,3,0.59000,0.59000,'2019-07-09 16:05:55','2019-07-09 16:05:55','0001-01-01 00:00:00',NULL,NULL,NULL,1,5,4),
	(65,500,4,0.73000,0.73000,'2019-07-09 16:05:55','2019-07-09 16:05:55','0001-01-01 00:00:00',NULL,NULL,NULL,1,5,4),
	(66,1000,1,0.24000,0.24000,'2019-07-09 16:05:55','2019-07-09 16:05:55','0001-01-01 00:00:00',NULL,NULL,NULL,1,5,4),
	(67,1000,2,0.37000,0.37000,'2019-07-09 16:05:55','2019-07-09 16:05:55','0001-01-01 00:00:00',NULL,NULL,NULL,1,5,4),
	(68,1000,3,0.51000,0.51000,'2019-07-09 16:05:55','2019-07-09 16:05:55','0001-01-01 00:00:00',NULL,NULL,NULL,1,5,4),
	(69,1000,4,0.64000,0.64000,'2019-07-09 16:05:55','2019-07-09 16:05:55','0001-01-01 00:00:00',NULL,NULL,NULL,1,5,4),
	(70,3500,1,0.20000,0.20000,'2019-07-09 16:05:55','2019-07-09 16:05:55','0001-01-01 00:00:00',NULL,NULL,NULL,1,5,4),
	(71,3500,2,0.33000,0.33000,'2019-07-09 16:05:55','2019-07-09 16:05:55','0001-01-01 00:00:00',NULL,NULL,NULL,1,5,4),
	(72,3500,3,0.47000,0.47000,'2019-07-09 16:05:55','2019-07-09 16:05:55','0001-01-01 00:00:00',NULL,NULL,NULL,1,5,4),
	(73,3500,4,0.60000,0.60000,'2019-07-09 16:05:55','2019-07-09 16:05:55','0001-01-01 00:00:00',NULL,NULL,NULL,1,5,4),
	(74,20,1,1.86000,1.86000,'2019-07-09 16:05:55','2019-07-09 16:05:55','0001-01-01 00:00:00',NULL,NULL,NULL,1,3,5),
	(75,20,2,2.52000,2.52000,'2019-07-09 16:05:55','2019-07-09 16:05:55','0001-01-01 00:00:00',NULL,NULL,NULL,1,3,5),
	(76,20,3,3.18000,3.18000,'2019-07-09 16:05:55','2019-07-09 16:05:55','0001-01-01 00:00:00',NULL,NULL,NULL,1,3,5),
	(77,20,4,3.84000,3.84000,'2019-07-09 16:05:55','2019-07-09 16:05:55','0001-01-01 00:00:00',NULL,NULL,NULL,1,3,5),
	(78,50,1,1.17000,1.17000,'2019-07-09 16:05:55','2019-07-09 16:05:55','0001-01-01 00:00:00',NULL,NULL,NULL,1,3,5),
	(79,50,2,1.46000,1.46000,'2019-07-09 16:05:55','2019-07-09 16:05:55','0001-01-01 00:00:00',NULL,NULL,NULL,1,3,5),
	(80,50,3,1.75000,1.75000,'2019-07-09 16:05:55','2019-07-09 16:05:55','0001-01-01 00:00:00',NULL,NULL,NULL,1,3,5),
	(81,50,4,2.03000,2.03000,'2019-07-09 16:05:55','2019-07-09 16:05:55','0001-01-01 00:00:00',NULL,NULL,NULL,1,3,5),
	(82,100,1,0.94000,0.94000,'2019-07-09 16:05:55','2019-07-09 16:05:55','0001-01-01 00:00:00',NULL,NULL,NULL,1,3,5),
	(83,100,2,1.16000,1.16000,'2019-07-09 16:05:55','2019-07-09 16:05:55','0001-01-01 00:00:00',NULL,NULL,NULL,1,3,5),
	(84,100,3,1.38000,1.38000,'2019-07-09 16:05:55','2019-07-09 16:05:55','0001-01-01 00:00:00',NULL,NULL,NULL,1,3,5),
	(85,100,4,1.60000,1.60000,'2019-07-09 16:05:55','2019-07-09 16:05:55','0001-01-01 00:00:00',NULL,NULL,NULL,1,3,5),
	(86,500,1,0.44000,0.44000,'2019-07-09 16:05:55','2019-07-09 16:05:55','0001-01-01 00:00:00',NULL,NULL,NULL,1,3,5),
	(87,500,2,0.60000,0.60000,'2019-07-09 16:05:55','2019-07-09 16:05:55','0001-01-01 00:00:00',NULL,NULL,NULL,1,3,5),
	(88,500,3,0.76000,0.76000,'2019-07-09 16:05:55','2019-07-09 16:05:55','0001-01-01 00:00:00',NULL,NULL,NULL,1,3,5),
	(89,500,4,0.92000,0.92000,'2019-07-09 16:05:55','2019-07-09 16:05:55','0001-01-01 00:00:00',NULL,NULL,NULL,1,3,5),
	(90,1000,1,0.24000,0.24000,'2019-07-09 16:05:55','2019-07-09 16:05:55','0001-01-01 00:00:00',NULL,NULL,NULL,1,3,5),
	(91,1000,2,0.39000,0.39000,'2019-07-09 16:05:55','2019-07-09 16:05:55','0001-01-01 00:00:00',NULL,NULL,NULL,1,3,5),
	(92,1000,3,0.68000,0.68000,'2019-07-09 16:05:55','2019-07-09 16:05:55','0001-01-01 00:00:00',NULL,NULL,NULL,1,3,5),
	(93,1000,4,0.83000,0.83000,'2019-07-09 16:05:55','2019-07-09 16:05:55','0001-01-01 00:00:00',NULL,NULL,NULL,1,3,5),
	(94,3500,1,0.37000,0.37000,'2019-07-09 16:05:55','2019-07-09 16:05:55','0001-01-01 00:00:00',NULL,NULL,NULL,1,3,5),
	(95,3500,2,0.52000,0.52000,'2019-07-09 16:05:55','2019-07-09 16:05:55','0001-01-01 00:00:00',NULL,NULL,NULL,1,3,5),
	(96,3500,3,0.67000,0.67000,'2019-07-09 16:05:55','2019-07-09 16:05:55','0001-01-01 00:00:00',NULL,NULL,NULL,1,3,5),
	(97,3500,4,0.81000,0.81000,'2019-07-09 16:05:55','2019-07-09 16:05:55','0001-01-01 00:00:00',NULL,NULL,NULL,1,3,5),
	(98,20,1,0.98000,0.98000,'2019-07-09 16:05:55','2019-07-09 16:05:55','0001-01-01 00:00:00',NULL,NULL,NULL,1,5,6),
	(99,20,2,1.76000,1.76000,'2019-07-09 16:05:55','2019-07-09 16:05:55','0001-01-01 00:00:00',NULL,NULL,NULL,1,5,6),
	(100,20,3,2.54000,2.54000,'2019-07-09 16:05:55','2019-07-09 16:05:55','0001-01-01 00:00:00',NULL,NULL,NULL,1,5,6),
	(101,20,4,3.32000,3.32000,'2019-07-09 16:05:55','2019-07-09 16:05:55','0001-01-01 00:00:00',NULL,NULL,NULL,1,5,6),
	(102,50,1,0.65000,0.65000,'2019-07-09 16:05:55','2019-07-09 16:05:55','0001-01-01 00:00:00',NULL,NULL,NULL,1,5,6),
	(103,50,2,1.12000,1.12000,'2019-07-09 16:05:55','2019-07-09 16:05:55','0001-01-01 00:00:00',NULL,NULL,NULL,1,5,6),
	(104,50,3,1.58000,1.58000,'2019-07-09 16:05:55','2019-07-09 16:05:55','0001-01-01 00:00:00',NULL,NULL,NULL,1,5,6),
	(105,50,4,2.05000,2.05000,'2019-07-09 16:05:55','2019-07-09 16:05:55','0001-01-01 00:00:00',NULL,NULL,NULL,1,5,6),
	(106,100,1,0.46000,0.46000,'2019-07-09 16:05:55','2019-07-09 16:05:55','0001-01-01 00:00:00',NULL,NULL,NULL,1,5,6),
	(107,100,2,0.75000,0.75000,'2019-07-09 16:05:55','2019-07-09 16:05:55','0001-01-01 00:00:00',NULL,NULL,NULL,1,5,6),
	(108,100,3,1.04000,1.04000,'2019-07-09 16:05:55','2019-07-09 16:05:55','0001-01-01 00:00:00',NULL,NULL,NULL,1,5,6),
	(109,100,4,1.33000,1.33000,'2019-07-09 16:05:55','2019-07-09 16:05:55','0001-01-01 00:00:00',NULL,NULL,NULL,1,5,6),
	(110,500,1,0.29000,0.29000,'2019-07-09 16:05:55','2019-07-09 16:05:55','0001-01-01 00:00:00',NULL,NULL,NULL,1,5,6),
	(111,500,2,0.44000,0.44000,'2019-07-09 16:05:55','2019-07-09 16:05:55','0001-01-01 00:00:00',NULL,NULL,NULL,1,5,6),
	(112,500,3,0.59000,0.59000,'2019-07-09 16:05:55','2019-07-09 16:05:55','0001-01-01 00:00:00',NULL,NULL,NULL,1,5,6),
	(113,500,4,0.73000,0.73000,'2019-07-09 16:05:55','2019-07-09 16:05:55','0001-01-01 00:00:00',NULL,NULL,NULL,1,5,6),
	(114,1000,1,0.24000,0.24000,'2019-07-09 16:05:55','2019-07-09 16:05:55','0001-01-01 00:00:00',NULL,NULL,NULL,1,5,6),
	(115,1000,2,0.37000,0.37000,'2019-07-09 16:05:55','2019-07-09 16:05:55','0001-01-01 00:00:00',NULL,NULL,NULL,1,5,6),
	(116,1000,3,0.51000,0.51000,'2019-07-09 16:05:55','2019-07-09 16:05:55','0001-01-01 00:00:00',NULL,NULL,NULL,1,5,6),
	(117,1000,4,0.64000,0.64000,'2019-07-09 16:05:55','2019-07-09 16:05:55','0001-01-01 00:00:00',NULL,NULL,NULL,1,5,6),
	(118,3500,1,0.20000,0.20000,'2019-07-09 16:05:55','2019-07-09 16:05:55','0001-01-01 00:00:00',NULL,NULL,NULL,1,5,6),
	(119,3500,2,0.33000,0.33000,'2019-07-09 16:05:55','2019-07-09 16:05:55','0001-01-01 00:00:00',NULL,NULL,NULL,1,5,6),
	(120,3500,3,0.47000,0.47000,'2019-07-09 16:05:55','2019-07-09 16:05:55','0001-01-01 00:00:00',NULL,NULL,NULL,1,5,6),
	(121,3500,4,0.60000,0.60000,'2019-07-09 16:05:55','2019-07-09 16:05:55','0001-01-01 00:00:00',NULL,NULL,NULL,1,5,6),
	(122,20,1,1.86000,1.86000,'2019-07-09 16:05:55','2019-07-09 16:05:55','0001-01-01 00:00:00',NULL,NULL,NULL,1,3,7),
	(123,20,2,2.52000,2.52000,'2019-07-09 16:05:55','2019-07-09 16:05:55','0001-01-01 00:00:00',NULL,NULL,NULL,1,3,7),
	(124,20,3,3.18000,3.18000,'2019-07-09 16:05:55','2019-07-09 16:05:55','0001-01-01 00:00:00',NULL,NULL,NULL,1,3,7),
	(125,20,4,3.84000,3.84000,'2019-07-09 16:05:55','2019-07-09 16:05:55','0001-01-01 00:00:00',NULL,NULL,NULL,1,3,7),
	(126,50,1,1.17000,1.17000,'2019-07-09 16:05:55','2019-07-09 16:05:55','0001-01-01 00:00:00',NULL,NULL,NULL,1,3,7),
	(127,50,2,1.46000,1.46000,'2019-07-09 16:05:55','2019-07-09 16:05:55','0001-01-01 00:00:00',NULL,NULL,NULL,1,3,7),
	(128,50,3,1.75000,1.75000,'2019-07-09 16:05:55','2019-07-09 16:05:55','0001-01-01 00:00:00',NULL,NULL,NULL,1,3,7),
	(129,50,4,2.03000,2.03000,'2019-07-09 16:05:55','2019-07-09 16:05:55','0001-01-01 00:00:00',NULL,NULL,NULL,1,3,7),
	(130,100,1,0.94000,0.94000,'2019-07-09 16:05:55','2019-07-09 16:05:55','0001-01-01 00:00:00',NULL,NULL,NULL,1,3,7),
	(131,100,2,1.16000,1.16000,'2019-07-09 16:05:55','2019-07-09 16:05:55','0001-01-01 00:00:00',NULL,NULL,NULL,1,3,7),
	(132,100,3,1.38000,1.38000,'2019-07-09 16:05:55','2019-07-09 16:05:55','0001-01-01 00:00:00',NULL,NULL,NULL,1,3,7),
	(133,100,4,1.60000,1.60000,'2019-07-09 16:05:55','2019-07-09 16:05:55','0001-01-01 00:00:00',NULL,NULL,NULL,1,3,7),
	(134,500,1,0.44000,0.44000,'2019-07-09 16:05:55','2019-07-09 16:05:55','0001-01-01 00:00:00',NULL,NULL,NULL,1,3,7),
	(135,500,2,0.60000,0.60000,'2019-07-09 16:05:55','2019-07-09 16:05:55','0001-01-01 00:00:00',NULL,NULL,NULL,1,3,7),
	(136,500,3,0.76000,0.76000,'2019-07-09 16:05:55','2019-07-09 16:05:55','0001-01-01 00:00:00',NULL,NULL,NULL,1,3,7),
	(137,500,4,0.92000,0.92000,'2019-07-09 16:05:55','2019-07-09 16:05:55','0001-01-01 00:00:00',NULL,NULL,NULL,1,3,7),
	(138,1000,1,0.24000,0.24000,'2019-07-09 16:05:55','2019-07-09 16:05:55','0001-01-01 00:00:00',NULL,NULL,NULL,1,3,7),
	(139,1000,2,0.39000,0.39000,'2019-07-09 16:05:55','2019-07-09 16:05:55','0001-01-01 00:00:00',NULL,NULL,NULL,1,3,7),
	(140,1000,3,0.68000,0.68000,'2019-07-09 16:05:55','2019-07-09 16:05:55','0001-01-01 00:00:00',NULL,NULL,NULL,1,3,7),
	(141,1000,4,0.83000,0.83000,'2019-07-09 16:05:55','2019-07-09 16:05:55','0001-01-01 00:00:00',NULL,NULL,NULL,1,3,7),
	(142,3500,1,0.37000,0.37000,'2019-07-09 16:05:55','2019-07-09 16:05:55','0001-01-01 00:00:00',NULL,NULL,NULL,1,3,7),
	(143,3500,2,0.52000,0.52000,'2019-07-09 16:05:55','2019-07-09 16:05:55','0001-01-01 00:00:00',NULL,NULL,NULL,1,3,7),
	(144,3500,3,0.67000,0.67000,'2019-07-09 16:05:55','2019-07-09 16:05:55','0001-01-01 00:00:00',NULL,NULL,NULL,1,3,7),
	(145,3500,4,0.81000,0.81000,'2019-07-09 16:05:55','2019-07-09 16:05:55','0001-01-01 00:00:00',NULL,NULL,NULL,1,3,7),
	(146,500,1,2.20000,2.20000,'2019-07-09 16:05:58','2019-07-09 16:05:58','0001-01-01 00:00:00',NULL,NULL,NULL,1,5,8),
	(147,1000,1,1.42000,1.42000,'2019-07-09 16:05:58','2019-07-09 16:05:58','0001-01-01 00:00:00',NULL,NULL,NULL,1,5,8),
	(148,3000,1,1.28000,1.28000,'2019-07-09 16:05:58','2019-07-09 16:05:58','0001-01-01 00:00:00',NULL,NULL,NULL,1,5,8),
	(149,5000,1,0.98000,0.98000,'2019-07-09 16:05:58','2019-07-09 16:05:58','0001-01-01 00:00:00',NULL,NULL,NULL,1,5,8),
	(150,500,1,1.22000,1.22000,'2019-07-09 16:05:58','2019-07-09 16:05:58','0001-01-01 00:00:00',NULL,NULL,NULL,1,3,9),
	(151,500,2,1.64000,1.64000,'2019-07-09 16:05:58','2019-07-09 16:05:58','0001-01-01 00:00:00',NULL,NULL,NULL,1,3,9),
	(152,500,3,2.06000,2.06000,'2019-07-09 16:05:58','2019-07-09 16:05:58','0001-01-01 00:00:00',NULL,NULL,NULL,1,3,9),
	(153,500,4,2.48000,2.48000,'2019-07-09 16:05:58','2019-07-09 16:05:58','0001-01-01 00:00:00',NULL,NULL,NULL,1,3,9),
	(154,1000,1,1.01000,1.01000,'2019-07-09 16:05:58','2019-07-09 16:05:58','0001-01-01 00:00:00',NULL,NULL,NULL,1,3,9),
	(155,1000,2,1.22000,1.22000,'2019-07-09 16:05:58','2019-07-09 16:05:58','0001-01-01 00:00:00',NULL,NULL,NULL,1,3,9),
	(156,1000,3,1.44000,1.44000,'2019-07-09 16:05:58','2019-07-09 16:05:58','0001-01-01 00:00:00',NULL,NULL,NULL,1,3,9),
	(157,1000,4,1.66000,1.66000,'2019-07-09 16:05:58','2019-07-09 16:05:58','0001-01-01 00:00:00',NULL,NULL,NULL,1,3,9),
	(158,3000,1,0.65000,0.65000,'2019-07-09 16:05:58','2019-07-09 16:05:58','0001-01-01 00:00:00',NULL,NULL,NULL,1,3,9),
	(159,3000,2,0.78000,0.78000,'2019-07-09 16:05:58','2019-07-09 16:05:58','0001-01-01 00:00:00',NULL,NULL,NULL,1,3,9),
	(160,3000,3,0.92000,0.92000,'2019-07-09 16:05:58','2019-07-09 16:05:58','0001-01-01 00:00:00',NULL,NULL,NULL,1,3,9),
	(161,3000,4,1.05000,1.05000,'2019-07-09 16:05:58','2019-07-09 16:05:58','0001-01-01 00:00:00',NULL,NULL,NULL,1,3,9),
	(162,5000,1,0.47000,0.47000,'2019-07-09 16:05:58','2019-07-09 16:05:58','0001-01-01 00:00:00',NULL,NULL,NULL,1,3,9),
	(163,5000,2,0.57000,0.57000,'2019-07-09 16:05:58','2019-07-09 16:05:58','0001-01-01 00:00:00',NULL,NULL,NULL,1,3,9),
	(164,5000,3,0.68000,0.68000,'2019-07-09 16:05:58','2019-07-09 16:05:58','0001-01-01 00:00:00',NULL,NULL,NULL,1,3,9),
	(165,5000,4,0.79000,0.79000,'2019-07-09 16:05:58','2019-07-09 16:05:58','0001-01-01 00:00:00',NULL,NULL,NULL,1,3,9),
	(166,500,1,2.20000,2.20000,'2019-07-09 16:05:58','2019-07-09 16:05:58','0001-01-01 00:00:00',NULL,NULL,NULL,1,5,10),
	(167,1000,1,1.42000,1.42000,'2019-07-09 16:05:58','2019-07-09 16:05:58','0001-01-01 00:00:00',NULL,NULL,NULL,1,5,10),
	(168,3000,1,1.28000,1.28000,'2019-07-09 16:05:58','2019-07-09 16:05:58','0001-01-01 00:00:00',NULL,NULL,NULL,1,5,10),
	(169,5000,1,0.98000,0.98000,'2019-07-09 16:05:58','2019-07-09 16:05:58','0001-01-01 00:00:00',NULL,NULL,NULL,1,5,10),
	(170,500,1,1.22000,1.22000,'2019-07-09 16:05:58','2019-07-09 16:05:58','0001-01-01 00:00:00',NULL,NULL,NULL,1,3,11),
	(171,500,2,1.64000,1.64000,'2019-07-09 16:05:58','2019-07-09 16:05:58','0001-01-01 00:00:00',NULL,NULL,NULL,1,3,11),
	(172,500,3,2.06000,2.06000,'2019-07-09 16:05:58','2019-07-09 16:05:58','0001-01-01 00:00:00',NULL,NULL,NULL,1,3,11),
	(173,500,4,2.48000,2.48000,'2019-07-09 16:05:58','2019-07-09 16:05:58','0001-01-01 00:00:00',NULL,NULL,NULL,1,3,11),
	(174,1000,1,1.01000,1.01000,'2019-07-09 16:05:58','2019-07-09 16:05:58','0001-01-01 00:00:00',NULL,NULL,NULL,1,3,11),
	(175,1000,2,1.22000,1.22000,'2019-07-09 16:05:58','2019-07-09 16:05:58','0001-01-01 00:00:00',NULL,NULL,NULL,1,3,11),
	(176,1000,3,1.44000,1.44000,'2019-07-09 16:05:58','2019-07-09 16:05:58','0001-01-01 00:00:00',NULL,NULL,NULL,1,3,11),
	(177,1000,4,1.66000,1.66000,'2019-07-09 16:05:58','2019-07-09 16:05:58','0001-01-01 00:00:00',NULL,NULL,NULL,1,3,11),
	(178,3000,1,0.65000,0.65000,'2019-07-09 16:05:58','2019-07-09 16:05:58','0001-01-01 00:00:00',NULL,NULL,NULL,1,3,11),
	(179,3000,2,0.78000,0.78000,'2019-07-09 16:05:58','2019-07-09 16:05:58','0001-01-01 00:00:00',NULL,NULL,NULL,1,3,11),
	(180,3000,3,0.92000,0.92000,'2019-07-09 16:05:58','2019-07-09 16:05:58','0001-01-01 00:00:00',NULL,NULL,NULL,1,3,11),
	(181,3000,4,1.05000,1.05000,'2019-07-09 16:05:58','2019-07-09 16:05:58','0001-01-01 00:00:00',NULL,NULL,NULL,1,3,11),
	(182,5000,1,0.47000,0.47000,'2019-07-09 16:05:58','2019-07-09 16:05:58','0001-01-01 00:00:00',NULL,NULL,NULL,1,3,11),
	(183,5000,2,0.57000,0.57000,'2019-07-09 16:05:58','2019-07-09 16:05:58','0001-01-01 00:00:00',NULL,NULL,NULL,1,3,11),
	(184,5000,3,0.68000,0.68000,'2019-07-09 16:05:58','2019-07-09 16:05:58','0001-01-01 00:00:00',NULL,NULL,NULL,1,3,11),
	(185,5000,4,0.79000,0.79000,'2019-07-09 16:05:58','2019-07-09 16:05:58','0001-01-01 00:00:00',NULL,NULL,NULL,1,3,11),
	(186,500,1,2.20000,2.20000,'2019-07-09 16:05:58','2019-07-09 16:05:58','0001-01-01 00:00:00',NULL,NULL,NULL,1,5,12),
	(187,1000,1,1.42000,1.42000,'2019-07-09 16:05:58','2019-07-09 16:05:58','0001-01-01 00:00:00',NULL,NULL,NULL,1,5,12),
	(188,3000,1,1.28000,1.28000,'2019-07-09 16:05:58','2019-07-09 16:05:58','0001-01-01 00:00:00',NULL,NULL,NULL,1,5,12),
	(189,5000,1,0.98000,0.98000,'2019-07-09 16:05:58','2019-07-09 16:05:58','0001-01-01 00:00:00',NULL,NULL,NULL,1,5,12),
	(190,500,1,1.22000,1.22000,'2019-07-09 16:05:58','2019-07-09 16:05:58','0001-01-01 00:00:00',NULL,NULL,NULL,1,3,13),
	(191,500,2,1.64000,1.64000,'2019-07-09 16:05:58','2019-07-09 16:05:58','0001-01-01 00:00:00',NULL,NULL,NULL,1,3,13),
	(192,500,3,2.06000,2.06000,'2019-07-09 16:05:58','2019-07-09 16:05:58','0001-01-01 00:00:00',NULL,NULL,NULL,1,3,13),
	(193,500,4,2.48000,2.48000,'2019-07-09 16:05:58','2019-07-09 16:05:58','0001-01-01 00:00:00',NULL,NULL,NULL,1,3,13),
	(194,1000,1,1.01000,1.01000,'2019-07-09 16:05:58','2019-07-09 16:05:58','0001-01-01 00:00:00',NULL,NULL,NULL,1,3,13),
	(195,1000,2,1.22000,1.22000,'2019-07-09 16:05:58','2019-07-09 16:05:58','0001-01-01 00:00:00',NULL,NULL,NULL,1,3,13),
	(196,1000,3,1.44000,1.44000,'2019-07-09 16:05:58','2019-07-09 16:05:58','0001-01-01 00:00:00',NULL,NULL,NULL,1,3,13),
	(197,1000,4,1.66000,1.66000,'2019-07-09 16:05:58','2019-07-09 16:05:58','0001-01-01 00:00:00',NULL,NULL,NULL,1,3,13),
	(198,3000,1,0.65000,0.65000,'2019-07-09 16:05:58','2019-07-09 16:05:58','0001-01-01 00:00:00',NULL,NULL,NULL,1,3,13),
	(199,3000,2,0.78000,0.78000,'2019-07-09 16:05:58','2019-07-09 16:05:58','0001-01-01 00:00:00',NULL,NULL,NULL,1,3,13),
	(200,3000,3,0.92000,0.92000,'2019-07-09 16:05:58','2019-07-09 16:05:58','0001-01-01 00:00:00',NULL,NULL,NULL,1,3,13),
	(201,3000,4,1.05000,1.05000,'2019-07-09 16:05:58','2019-07-09 16:05:58','0001-01-01 00:00:00',NULL,NULL,NULL,1,3,13),
	(202,5000,1,0.47000,0.47000,'2019-07-09 16:05:58','2019-07-09 16:05:58','0001-01-01 00:00:00',NULL,NULL,NULL,1,3,13),
	(203,5000,2,0.57000,0.57000,'2019-07-09 16:05:58','2019-07-09 16:05:58','0001-01-01 00:00:00',NULL,NULL,NULL,1,3,13),
	(204,5000,3,0.68000,0.68000,'2019-07-09 16:05:58','2019-07-09 16:05:58','0001-01-01 00:00:00',NULL,NULL,NULL,1,3,13),
	(205,5000,4,0.79000,0.79000,'2019-07-09 16:05:58','2019-07-09 16:05:58','0001-01-01 00:00:00',NULL,NULL,NULL,1,3,13),
	(206,500,1,2.20000,2.20000,'2019-07-09 16:05:58','2019-07-09 16:05:58','0001-01-01 00:00:00',NULL,NULL,NULL,1,5,14),
	(207,1000,1,1.42000,1.42000,'2019-07-09 16:05:58','2019-07-09 16:05:58','0001-01-01 00:00:00',NULL,NULL,NULL,1,5,14),
	(208,3000,1,1.28000,1.28000,'2019-07-09 16:05:58','2019-07-09 16:05:58','0001-01-01 00:00:00',NULL,NULL,NULL,1,5,14),
	(209,5000,1,0.98000,0.98000,'2019-07-09 16:05:58','2019-07-09 16:05:58','0001-01-01 00:00:00',NULL,NULL,NULL,1,5,14),
	(210,500,1,1.22000,1.22000,'2019-07-09 16:05:58','2019-07-09 16:05:58','0001-01-01 00:00:00',NULL,NULL,NULL,1,3,15),
	(211,500,2,1.64000,1.64000,'2019-07-09 16:05:58','2019-07-09 16:05:58','0001-01-01 00:00:00',NULL,NULL,NULL,1,3,15),
	(212,500,3,2.06000,2.06000,'2019-07-09 16:05:58','2019-07-09 16:05:58','0001-01-01 00:00:00',NULL,NULL,NULL,1,3,15),
	(213,500,4,2.48000,2.48000,'2019-07-09 16:05:58','2019-07-09 16:05:58','0001-01-01 00:00:00',NULL,NULL,NULL,1,3,15),
	(214,1000,1,1.01000,1.01000,'2019-07-09 16:05:58','2019-07-09 16:05:58','0001-01-01 00:00:00',NULL,NULL,NULL,1,3,15),
	(215,1000,2,1.22000,1.22000,'2019-07-09 16:05:58','2019-07-09 16:05:58','0001-01-01 00:00:00',NULL,NULL,NULL,1,3,15),
	(216,1000,3,1.44000,1.44000,'2019-07-09 16:05:58','2019-07-09 16:05:58','0001-01-01 00:00:00',NULL,NULL,NULL,1,3,15),
	(217,1000,4,1.66000,1.66000,'2019-07-09 16:05:58','2019-07-09 16:05:58','0001-01-01 00:00:00',NULL,NULL,NULL,1,3,15),
	(218,3000,1,0.65000,0.65000,'2019-07-09 16:05:58','2019-07-09 16:05:58','0001-01-01 00:00:00',NULL,NULL,NULL,1,3,15),
	(219,3000,2,0.78000,0.78000,'2019-07-09 16:05:58','2019-07-09 16:05:58','0001-01-01 00:00:00',NULL,NULL,NULL,1,3,15),
	(220,3000,3,0.92000,0.92000,'2019-07-09 16:05:58','2019-07-09 16:05:58','0001-01-01 00:00:00',NULL,NULL,NULL,1,3,15),
	(221,3000,4,1.05000,1.05000,'2019-07-09 16:05:58','2019-07-09 16:05:58','0001-01-01 00:00:00',NULL,NULL,NULL,1,3,15),
	(222,5000,1,0.47000,0.47000,'2019-07-09 16:05:58','2019-07-09 16:05:58','0001-01-01 00:00:00',NULL,NULL,NULL,1,3,15),
	(223,5000,2,0.57000,0.57000,'2019-07-09 16:05:58','2019-07-09 16:05:58','0001-01-01 00:00:00',NULL,NULL,NULL,1,3,15),
	(224,5000,3,0.68000,0.68000,'2019-07-09 16:05:58','2019-07-09 16:05:58','0001-01-01 00:00:00',NULL,NULL,NULL,1,3,15),
	(225,5000,4,0.79000,0.79000,'2019-07-09 16:05:58','2019-07-09 16:05:58','0001-01-01 00:00:00',NULL,NULL,NULL,1,3,15),
	(226,500,1,2.20000,2.20000,'2019-07-09 16:05:58','2019-07-09 16:05:58','0001-01-01 00:00:00',NULL,NULL,NULL,1,5,16),
	(227,1000,1,1.42000,1.42000,'2019-07-09 16:05:58','2019-07-09 16:05:58','0001-01-01 00:00:00',NULL,NULL,NULL,1,5,16),
	(228,3000,1,1.28000,1.28000,'2019-07-09 16:05:58','2019-07-09 16:05:58','0001-01-01 00:00:00',NULL,NULL,NULL,1,5,16),
	(229,5000,1,0.98000,0.98000,'2019-07-09 16:05:58','2019-07-09 16:05:58','0001-01-01 00:00:00',NULL,NULL,NULL,1,5,16),
	(230,500,1,1.22000,1.22000,'2019-07-09 16:05:58','2019-07-09 16:05:58','0001-01-01 00:00:00',NULL,NULL,NULL,1,3,17),
	(231,500,2,1.64000,1.64000,'2019-07-09 16:05:58','2019-07-09 16:05:58','0001-01-01 00:00:00',NULL,NULL,NULL,1,3,17),
	(232,500,3,2.06000,2.06000,'2019-07-09 16:05:58','2019-07-09 16:05:58','0001-01-01 00:00:00',NULL,NULL,NULL,1,3,17),
	(233,500,4,2.48000,2.48000,'2019-07-09 16:05:58','2019-07-09 16:05:58','0001-01-01 00:00:00',NULL,NULL,NULL,1,3,17),
	(234,1000,1,1.01000,1.01000,'2019-07-09 16:05:58','2019-07-09 16:05:58','0001-01-01 00:00:00',NULL,NULL,NULL,1,3,17),
	(235,1000,2,1.22000,1.22000,'2019-07-09 16:05:58','2019-07-09 16:05:58','0001-01-01 00:00:00',NULL,NULL,NULL,1,3,17),
	(236,1000,3,1.44000,1.44000,'2019-07-09 16:05:58','2019-07-09 16:05:58','0001-01-01 00:00:00',NULL,NULL,NULL,1,3,17),
	(237,1000,4,1.66000,1.66000,'2019-07-09 16:05:58','2019-07-09 16:05:58','0001-01-01 00:00:00',NULL,NULL,NULL,1,3,17),
	(238,3000,1,0.65000,0.65000,'2019-07-09 16:05:58','2019-07-09 16:05:58','0001-01-01 00:00:00',NULL,NULL,NULL,1,3,17),
	(239,3000,2,0.78000,0.78000,'2019-07-09 16:05:58','2019-07-09 16:05:58','0001-01-01 00:00:00',NULL,NULL,NULL,1,3,17),
	(240,3000,3,0.92000,0.92000,'2019-07-09 16:05:58','2019-07-09 16:05:58','0001-01-01 00:00:00',NULL,NULL,NULL,1,3,17),
	(241,3000,4,1.05000,1.05000,'2019-07-09 16:05:58','2019-07-09 16:05:58','0001-01-01 00:00:00',NULL,NULL,NULL,1,3,17),
	(242,5000,1,0.47000,0.47000,'2019-07-09 16:05:58','2019-07-09 16:05:58','0001-01-01 00:00:00',NULL,NULL,NULL,1,3,17),
	(243,5000,2,0.57000,0.57000,'2019-07-09 16:05:58','2019-07-09 16:05:58','0001-01-01 00:00:00',NULL,NULL,NULL,1,3,17),
	(244,5000,3,0.68000,0.68000,'2019-07-09 16:05:58','2019-07-09 16:05:58','0001-01-01 00:00:00',NULL,NULL,NULL,1,3,17),
	(245,5000,4,0.79000,0.79000,'2019-07-09 16:05:58','2019-07-09 16:05:58','0001-01-01 00:00:00',NULL,NULL,NULL,1,3,17),
    (276,20,1,0.98000,0.98000,'2019-07-09 16:05:55','2019-07-09 16:05:55','0001-01-01 00:00:00',NULL,NULL,NULL,1,5,28),
    (277,20,1,1.86000,1.86000,'2019-07-09 16:05:55','2019-07-09 16:05:55','0001-01-01 00:00:00',NULL,NULL,NULL,1,3,29),
    (278,20,2,2.52000,2.52000,'2019-07-09 16:05:55','2019-07-09 16:05:55','0001-01-01 00:00:00',NULL,NULL,NULL,1,3,29),
    (279,20,1,0.98000,0.98000,'2019-07-09 16:05:55','2019-07-09 16:05:55','0001-01-01 00:00:00',NULL,NULL,NULL,1,5,30),
    (280,20,2,1.76000,1.76000,'2019-07-09 16:05:55','2019-07-09 16:05:55','0001-01-01 00:00:00',NULL,NULL,NULL,1,5,30),
    (281,20,1,1.86000,1.86000,'2019-07-09 16:05:55','2019-07-09 16:05:55','0001-01-01 00:00:00',NULL,NULL,NULL,1,3,31),
    (282,20,1,1.86000,1.86000,'2019-07-09 16:05:55','2019-07-09 16:05:55','0001-01-01 00:00:00',NULL,NULL,NULL,1,3,33),
    (283,20,2,2.52000,2.52000,'2019-07-09 16:05:55','2019-07-09 16:05:55','0001-01-01 00:00:00',NULL,NULL,NULL,1,3,33),
    (284,500,1,2.20000,2.20000,'2019-07-09 16:05:58','2019-07-09 16:05:58','0001-01-01 00:00:00',NULL,NULL,NULL,1,5,34),
    (285,1000,1,1.42000,1.42000,'2019-07-09 16:05:58','2019-07-09 16:05:58','0001-01-01 00:00:00',NULL,NULL,NULL,1,5,34),
    (286,500,1,1.22000,1.22000,'2019-07-09 16:05:58','2019-07-09 16:05:58','0001-01-01 00:00:00',NULL,NULL,NULL,1,3,35),
    (287,500,1,2.20000,2.20000,'2019-07-09 16:05:58','2019-07-09 16:05:58','0001-01-01 00:00:00',NULL,NULL,NULL,1,5,36),
    (288,500,1,1.22000,1.22000,'2019-07-09 16:05:58','2019-07-09 16:05:58','0001-01-01 00:00:00',NULL,NULL,NULL,1,3,37),
    (289,500,1,2.20000,2.20000,'2019-07-09 16:05:58','2019-07-09 16:05:58','0001-01-01 00:00:00',NULL,NULL,NULL,1,5,38),
    (290,500,1,1.22000,1.22000,'2019-07-09 16:05:58','2019-07-09 16:05:58','0001-01-01 00:00:00',NULL,NULL,NULL,1,3,39),
    (291,500,1,2.20000,2.20000,'2019-07-09 16:05:58','2019-07-09 16:05:58','0001-01-01 00:00:00',NULL,NULL,NULL,1,5,40),
    (292,500,1,1.22000,1.22000,'2019-07-09 16:05:58','2019-07-09 16:05:58','0001-01-01 00:00:00',NULL,NULL,NULL,1,3,41),
    (293,500,1,2.20000,2.20000,'2019-07-09 16:05:58','2019-07-09 16:05:58','0001-01-01 00:00:00',NULL,NULL,NULL,1,5,42),
    (294,500,1,1.22000,1.22000,'2019-07-09 16:05:58','2019-07-09 16:05:58','0001-01-01 00:00:00',NULL,NULL,NULL,1,3,43);

INSERT INTO `design_view` (`id`, `identifier`, `sequence_number`, `custom_data`, `date_created`, `date_updated`, `date_deleted`, `user_created_id`, `user_updated_id`, `user_deleted_id`, `item_id`, `option_id`)
VALUES
	(2,'front_view',1,NULL,'2019-07-09 16:05:55','2019-07-09 16:05:55','0001-01-01 00:00:00',NULL,NULL,NULL,2,NULL),
	(3,'rear_view',2,NULL,'2019-07-09 16:05:55','2019-07-09 16:05:55','0001-01-01 00:00:00',NULL,NULL,NULL,2,NULL),
	(4,'side_view',3,NULL,'2019-07-09 16:05:55','2019-07-09 16:05:55','0001-01-01 00:00:00',NULL,NULL,NULL,2,NULL),
	(5,'3d',1,'{\"selectedCameraView\":\"A_1\"}','2019-07-09 16:05:58','2019-07-09 16:05:58','0001-01-01 00:00:00',NULL,NULL,NULL,15,NULL),
	(6,'3d',1,'{\"selectedCameraView\":\"front\"}','2019-07-09 16:06:00','2019-07-09 16:06:00','0001-01-01 00:00:00',NULL,NULL,NULL,30,NULL),
	(7,'3d',1,'{\"selectedCameraView\":\"sleeve\"}','2019-07-09 16:06:02','2019-07-09 16:06:02','0001-01-01 00:00:00',NULL,NULL,NULL,34,NULL);

INSERT INTO `design_view_text` (`id`, `title`, `date_created`, `date_updated`, `date_deleted`, `user_created_id`, `user_updated_id`, `user_deleted_id`, `design_view_id`, `language_id`)
VALUES
	(3,'Front view','2019-07-09 16:05:55','2019-07-09 16:05:55','0001-01-01 00:00:00',NULL,NULL,NULL,2,1),
	(4,'Vorderansicht','2019-07-09 16:05:55','2019-07-09 16:05:55','0001-01-01 00:00:00',NULL,NULL,NULL,2,2),
	(5,'Rückansicht','2019-07-09 16:05:55','2019-07-09 16:05:55','0001-01-01 00:00:00',NULL,NULL,NULL,3,2),
	(8,'Side view','2019-07-09 16:05:55','2019-07-09 16:05:55','0001-01-01 00:00:00',NULL,NULL,NULL,4,1),
	(9,'Seitenansicht','2019-07-09 16:05:55','2019-07-09 16:05:55','0001-01-01 00:00:00',NULL,NULL,NULL,4,2),
	(12,'3D','2019-07-09 16:05:58','2019-07-09 16:05:58','0001-01-01 00:00:00',NULL,NULL,NULL,5,1),
	(13,'3D','2019-07-09 16:05:58','2019-07-09 16:05:58','0001-01-01 00:00:00',NULL,NULL,NULL,5,2),
	(22,'3D','2019-07-09 16:06:00','2019-07-09 16:06:00','0001-01-01 00:00:00',NULL,NULL,NULL,6,1),
	(23,'3D','2019-07-09 16:06:00','2019-07-09 16:06:00','0001-01-01 00:00:00',NULL,NULL,NULL,6,2),
	(24,'3D','2019-07-09 16:06:02','2019-07-09 16:06:02','0001-01-01 00:00:00',NULL,NULL,NULL,7,1),
	(25,'3D','2019-07-09 16:06:02','2019-07-09 16:06:02','0001-01-01 00:00:00',NULL,NULL,NULL,7,2);

INSERT INTO `design_view_design_area` (`id`, `base_shape`, `position`, `custom_data`, `date_created`, `date_updated`, `date_deleted`, `user_created_id`, `user_updated_id`, `user_deleted_id`, `design_view_id`, `design_area_id`)
VALUES
	(2,'{\"type\": \"Plane\"}','{\"x\":100,\"y\":100,\"width\":500,\"height\":600}',NULL,'2019-07-09 16:05:55','2019-07-09 16:05:55','0001-01-01 00:00:00',NULL,NULL,NULL,2,2),
	(3,'{\"type\": \"Plane\"}','{\"x\":100,\"y\":100,\"width\":1000,\"height\":100}',NULL,'2019-07-09 16:05:55','2019-07-09 16:05:55','0001-01-01 00:00:00',NULL,NULL,NULL,3,3),
	(4,'{\"type\": \"Plane\"}','{\"x\":100,\"y\":100,\"width\":1000,\"height\":100}',NULL,'2019-07-09 16:05:55','2019-07-09 16:05:55','0001-01-01 00:00:00',NULL,NULL,NULL,2,4),
	(5,'{\"type\": \"Plane\"}','{\"x\":100,\"y\":100,\"width\":1000,\"height\":100}',NULL,'2019-07-09 16:05:55','2019-07-09 16:05:55','0001-01-01 00:00:00',NULL,NULL,NULL,4,4),
	(6,'{\"type\": \"Plane\"}','{\"x\":100,\"y\":100,\"width\":1000,\"height\":100}',NULL,'2019-07-09 16:05:55','2019-07-09 16:05:55','0001-01-01 00:00:00',NULL,NULL,NULL,3,4),
	(7,'{\"type\": \"Plane\"}','{\"x\":990,\"y\":844,\"width\":876,\"height\":390}','{\"selectedCameraView\":\"A_1\"}','2019-07-09 16:05:58','2019-07-09 16:05:58','0001-01-01 00:00:00',NULL,NULL,NULL,5,5),
	(8,'{\"type\": \"Plane\"}','{\"x\":536,\"y\":645,\"width\":759,\"height\":182}','{\"0\":\"n\",\"1\":\"u\",\"2\":\"l\",\"3\":\"l\",\"selectedCameraView\":\"A_2\"}','2019-07-09 16:05:58','2019-07-09 16:05:58','0001-01-01 00:00:00',NULL,NULL,NULL,5,6),
	(9,'{\"type\": \"Plane\"}','{\"x\":716,\"y\":291,\"width\":836,\"height\":168}','{\"selectedCameraView\":\"A_1\"}','2019-07-09 16:05:58','2019-07-09 16:05:58','0001-01-01 00:00:00',NULL,NULL,NULL,5,7),
	(10,'{\"type\": \"Plane\"}','{\"x\":777,\"y\":276,\"width\":803,\"height\":100}','{\"selectedCameraView\":\"A_1\"}','2019-07-09 16:05:58','2019-07-09 16:05:58','0001-01-01 00:00:00',NULL,NULL,NULL,5,8),
	(11,'{\"type\": \"Plane\"}','{\"x\":937,\"y\":830,\"width\":1213,\"height\":707}','{\"selectedCameraView\":\"A_1\"}','2019-07-09 16:05:58','2019-07-09 16:05:58','0001-01-01 00:00:00',NULL,NULL,NULL,5,9),
	(12,'{\"type\": \"Plane\"}','{\"x\":990,\"y\":844,\"width\":876,\"height\":390}','{\"selectedCameraView\":\"front\"}','2019-07-09 16:06:00','2019-07-09 16:06:00','0001-01-01 00:00:00',NULL,NULL,NULL,6,10),
	(13,'{\"type\": \"Plane\"}','{\"x\":1174,\"y\":615,\"width\":236,\"height\":236}','{\"selectedCameraView\":\"chest_left\"}','2019-07-09 16:06:02','2019-07-09 16:06:02','0001-01-01 00:00:00',NULL,NULL,NULL,7,11),
	(14,'{\"type\": \"Plane\"}','{\"x\":429,\"y\":1770,\"width\":112,\"height\":112}','{\"selectedCameraView\":\"back\"}','2019-07-09 16:06:02','2019-07-09 16:06:02','0001-01-01 00:00:00',NULL,NULL,NULL,7,12),
	(15,'{\"type\": \"Plane\"}','{\"x\":204,\"y\":1778,\"width\":49,\"height\":49}','{\"selectedCameraView\":\"sleeve\"}','2019-07-09 16:06:02','2019-07-09 16:06:02','0001-01-01 00:00:00',NULL,NULL,NULL,7,13);

INSERT INTO `creator_view` (`id`, `identifier`, `sequence_number`, `custom_data`, `date_created`, `date_updated`, `date_deleted`, `user_created_id`, `user_updated_id`, `user_deleted_id`, `item_id`)
VALUES
(2,'hoodie_front_view',1,NULL,'2019-07-09 16:05:55','2019-07-09 16:05:55','0001-01-01 00:00:00',NULL,NULL,NULL,20),
(3,'hoodie_rear_view',2,NULL,'2019-07-09 16:05:55','2019-07-09 16:05:55','0001-01-01 00:00:00',NULL,NULL,NULL,20),
(4,'hoodie_side_view',3,NULL,'2019-07-09 16:05:55','2019-07-09 16:05:55','0001-01-01 00:00:00',NULL,NULL,NULL,20),
(5,'3d',1,'{\"selectedCameraView\":\"A_1\"}','2019-07-09 16:05:58','2019-07-09 16:05:58','0001-01-01 00:00:00',NULL,NULL,NULL,25);

INSERT INTO `creator_view_text` (`id`, `title`, `date_created`, `date_updated`, `date_deleted`, `user_created_id`, `user_updated_id`, `user_deleted_id`, `creator_view_id`, `language_id`)
VALUES
(3,'Front view','2019-07-09 16:05:55','2019-07-09 16:05:55','0001-01-01 00:00:00',NULL,NULL,NULL,2,1),
(4,'Vorderansicht','2019-07-09 16:05:55','2019-07-09 16:05:55','0001-01-01 00:00:00',NULL,NULL,NULL,2,2),
(5,'Rückansicht','2019-07-09 16:05:55','2019-07-09 16:05:55','0001-01-01 00:00:00',NULL,NULL,NULL,3,2),
(8,'Side view','2019-07-09 16:05:55','2019-07-09 16:05:55','0001-01-01 00:00:00',NULL,NULL,NULL,4,1),
(9,'Seitenansicht','2019-07-09 16:05:55','2019-07-09 16:05:55','0001-01-01 00:00:00',NULL,NULL,NULL,4,2),
(12,'3D','2019-07-09 16:05:58','2019-07-09 16:05:58','0001-01-01 00:00:00',NULL,NULL,NULL,5,1),
(13,'3D','2019-07-09 16:05:58','2019-07-09 16:05:58','0001-01-01 00:00:00',NULL,NULL,NULL,5,2);

INSERT INTO `creator_view_design_area` (`id`, `base_shape`, `position`, `custom_data`, `date_created`, `date_updated`, `date_deleted`, `user_created_id`, `user_updated_id`, `user_deleted_id`, `creator_view_id`, `design_area_id`)
VALUES
(2,'{\"type\": \"Plane\"}','{\"x\":100,\"y\":100,\"width\":500,\"height\":600}',NULL,'2019-07-09 16:05:55','2019-07-09 16:05:55','0001-01-01 00:00:00',NULL,NULL,NULL,2,2),
(3,'{\"type\": \"Plane\"}','{\"x\":100,\"y\":100,\"width\":1000,\"height\":100}',NULL,'2019-07-09 16:05:55','2019-07-09 16:05:55','0001-01-01 00:00:00',NULL,NULL,NULL,3,3),
(4,'{\"type\": \"Plane\"}','{\"x\":100,\"y\":100,\"width\":1000,\"height\":100}',NULL,'2019-07-09 16:05:55','2019-07-09 16:05:55','0001-01-01 00:00:00',NULL,NULL,NULL,2,4),
(5,'{\"type\": \"Plane\"}','{\"x\":100,\"y\":100,\"width\":1000,\"height\":100}',NULL,'2019-07-09 16:05:55','2019-07-09 16:05:55','0001-01-01 00:00:00',NULL,NULL,NULL,4,4),
(6,'{\"type\": \"Plane\"}','{\"x\":100,\"y\":100,\"width\":1000,\"height\":100}',NULL,'2019-07-09 16:05:55','2019-07-09 16:05:55','0001-01-01 00:00:00',NULL,NULL,NULL,3,4),
(7,'{\"type\": \"Plane\"}','{\"x\":990,\"y\":844,\"width\":876,\"height\":390}','{\"selectedCameraView\":\"A_1\"}','2019-07-09 16:05:58','2019-07-09 16:05:58','0001-01-01 00:00:00',NULL,NULL,NULL,5,5),
(8,'{\"type\": \"Plane\"}','{\"x\":536,\"y\":645,\"width\":759,\"height\":182}','{\"0\":\"n\",\"1\":\"u\",\"2\":\"l\",\"3\":\"l\",\"selectedCameraView\":\"A_2\"}','2019-07-09 16:05:58','2019-07-09 16:05:58','0001-01-01 00:00:00',NULL,NULL,NULL,5,6),
(9,'{\"type\": \"Plane\"}','{\"x\":716,\"y\":291,\"width\":836,\"height\":168}','{\"selectedCameraView\":\"A_1\"}','2019-07-09 16:05:58','2019-07-09 16:05:58','0001-01-01 00:00:00',NULL,NULL,NULL,5,7),
(10,'{\"type\": \"Plane\"}','{\"x\":777,\"y\":276,\"width\":803,\"height\":100}','{\"selectedCameraView\":\"A_1\"}','2019-07-09 16:05:58','2019-07-09 16:05:58','0001-01-01 00:00:00',NULL,NULL,NULL,5,8),
(11,'{\"type\": \"Plane\"}','{\"x\":937,\"y\":830,\"width\":1213,\"height\":707}','{\"selectedCameraView\":\"A_1\"}','2019-07-09 16:05:58','2019-07-09 16:05:58','0001-01-01 00:00:00',NULL,NULL,NULL,5,9);
