DELETE FROM `design_area`;
INSERT INTO `design_area` (`id`, `identifier`, `sequence_number`, `height`, `width`, `custom_data`, `date_created`,
                           `date_updated`, `date_deleted`, `user_created_id`, `user_updated_id`, `user_deleted_id`,
                           `item_id`, `option_id`)
VALUES (1, 'front_complete', 1, 355, 265, NULL, '2019-06-07 14:53:00', '2019-06-07 14:53:00', '0001-01-01 00:00:00',
        NULL, NULL, NULL, 1, NULL),
(2, 'front_center', 1, 60, 50, NULL, '2019-06-07 14:53:02', '2019-06-07 14:53:02', '0001-01-01 00:00:00', NULL, NULL,
 NULL, 2, NULL),
(3, 'rear_center', 2, 100, 1000, NULL, '2019-06-07 14:53:02', '2019-06-07 14:53:02', '0001-01-01 00:00:00', NULL, NULL,
 NULL, 2, NULL),
(4, 'sleeve', 3, 100, 1000, NULL, '2019-06-07 14:53:02', '2019-06-07 14:53:02', '0001-01-01 00:00:00', NULL, NULL, NULL,
 2, NULL),
(5, 'a_1', 1, 45, 20, NULL, '2019-06-07 14:53:05', '2019-06-07 14:53:05', '0001-01-01 00:00:00', NULL, NULL, NULL, 15,
 NULL),
(6, 'a_2', 2, 50, 12, NULL, '2019-06-07 14:53:05', '2019-06-07 14:53:05', '0001-01-01 00:00:00', NULL, NULL, NULL, 15,
 NULL),
(7, 'c_1', 3, 35, 7, NULL, '2019-06-07 14:53:05', '2019-06-07 14:53:05', '0001-01-01 00:00:00', NULL, NULL, NULL, 15,
 NULL),
(8, 'c_2', 4, 40, 5, NULL, '2019-06-07 14:53:05', '2019-06-07 14:53:05', '0001-01-01 00:00:00', NULL, NULL, NULL, 15,
 NULL),
(9, 'd', 5, 60, 35, NULL, '2019-06-07 14:53:06', '2019-06-07 14:53:06', '0001-01-01 00:00:00', NULL, NULL, NULL, 15,
 NULL),
(10, 'front_top', 5, 150, 100, NULL, '2019-06-07 14:53:06', '2019-06-07 14:53:06', '0001-01-01 00:00:00', NULL, NULL,
 NULL,
 30, NULL),
(11, 'front_bottom', 5, 150, 100, NULL, '2019-06-07 14:53:06', '2019-06-07 14:53:06', '0001-01-01 00:00:00', NULL, NULL,
 NULL,
 30, NULL);

DELETE
FROM `design_view`;
INSERT INTO `design_view` (`id`, `identifier`, `sequence_number`, `custom_data`, `date_created`, `date_updated`,
                           `date_deleted`, `user_created_id`, `user_updated_id`, `user_deleted_id`, `item_id`,
                           `option_id`)
VALUES (1, 'front_view', 1, NULL, '2019-06-07 14:53:00', '2019-06-07 14:53:00', '0001-01-01 00:00:00', NULL, NULL, NULL,
        1, NULL),
(2, 'front_view', 1, NULL, '2019-06-07 14:53:02', '2019-06-07 14:53:02', '0001-01-01 00:00:00', NULL, NULL, NULL, 2,
 NULL),
(3, 'rear_view', 2, NULL, '2019-06-07 14:53:02', '2019-06-07 14:53:02', '0001-01-01 00:00:00', NULL, NULL, NULL, 2,
 NULL),
(4, 'side_view', 3, NULL, '2019-06-07 14:53:02', '2019-06-07 14:53:02', '0001-01-01 00:00:00', NULL, NULL, NULL, 2,
 NULL),
(5, '3d', 1, '{\"selectedCameraView\":\"A_1\"}', '2019-06-07 14:53:05', '2019-06-07 14:53:06', '0001-01-01 00:00:00',
 NULL, NULL, NULL, 15, NULL),
(6, 'front', 1, '{\"selectedCameraView\":\"A_1\"}', '2019-06-07 14:53:05', '2019-06-07 14:53:06', '0001-01-01 00:00:00',
 NULL, NULL, NULL, 30, NULL);

DELETE
FROM `design_view_design_area`;
INSERT INTO `design_view_design_area` (`id`, `base_shape`, `position`, `custom_data`, `date_created`, `date_updated`,
                                       `date_deleted`, `user_created_id`, `user_updated_id`, `user_deleted_id`,
                                       `design_view_id`, `design_area_id`)
VALUES (1, '{\"type\": \"Plane\", \"x\":990,\"y\":844,\"width\":876,\"height\":390}',
        '{\"x\":1325,\"y\":1775,\"width\":2650,\"height\":3550}', NULL, '2019-06-07 14:53:00', '2019-06-07 14:53:00',
        '0001-01-01 00:00:00', NULL, NULL, NULL, 1, 1),
(2, '{\"type\": \"Plane\", \"x\":990,\"y\":844,\"width\":876,\"height\":390}',
 '{\"x\":100,\"y\":100,\"width\":500,\"height\":600}', NULL, '2019-06-07 14:53:02', '2019-06-07 14:53:02',
 '0001-01-01 00:00:00', NULL, NULL, NULL, 2, 2),
(3, '{\"type\": \"Plane\", \"x\":990,\"y\":844,\"width\":876,\"height\":390}',
 '{\"x\":100,\"y\":100,\"width\":1000,\"height\":100}', NULL, '2019-06-07 14:53:02', '2019-06-07 14:53:02',
 '0001-01-01 00:00:00', NULL, NULL, NULL, 3, 3),
(4, '{\"type\": \"Plane\", \"x\":990,\"y\":844,\"width\":876,\"height\":390}',
 '{\"x\":100,\"y\":100,\"width\":1000,\"height\":100}', NULL, '2019-06-07 14:53:02', '2019-06-07 14:53:02',
 '0001-01-01 00:00:00', NULL, NULL, NULL, 2, 4),
(5, '{\"type\": \"Plane\", \"x\":990,\"y\":844,\"width\":876,\"height\":390}',
 '{\"x\":100,\"y\":100,\"width\":1000,\"height\":100}', NULL, '2019-06-07 14:53:02', '2019-06-07 14:53:02',
 '0001-01-01 00:00:00', NULL, NULL, NULL, 4, 4),
(6, '{\"type\": \"Plane\", \"x\":990,\"y\":844,\"width\":876,\"height\":390}',
 '{\"x\":100,\"y\":100,\"width\":1000,\"height\":100}', NULL, '2019-06-07 14:53:02', '2019-06-07 14:53:02',
 '0001-01-01 00:00:00', NULL, NULL, NULL, 3, 4),
(7, '{\"type\": \"Plane\", \"x\":990,\"y\":844,\"width\":876,\"height\":390}',
 '{\"x\":990,\"y\":844,\"width\":876,\"height\":390}', '{\"selectedCameraView\":\"A_1\"}', '2019-06-07 14:53:05',
 '2019-06-07 14:53:05', '0001-01-01 00:00:00', NULL, NULL, NULL, 5, 5),
(8, '{\"type\": \"Plane\", \"x\":990,\"y\":844,\"width\":876,\"height\":390}',
 '{\"x\":536,\"y\":645,\"width\":759,\"height\":182}',
 '{\"0\":\"n\",\"1\":\"u\",\"2\":\"l\",\"3\":\"l\",\"selectedCameraView\":\"A_2\"}', '2019-06-07 14:53:05',
 '2019-06-07 14:53:05', '0001-01-01 00:00:00', NULL, NULL, NULL, 5, 6),
(9, '{\"type\": \"Plane\", \"x\":990,\"y\":844,\"width\":876,\"height\":390}',
 '{\"x\":716,\"y\":291,\"width\":836,\"height\":168}', '{\"selectedCameraView\":\"A_1\"}', '2019-06-07 14:53:05',
 '2019-06-07 14:53:05', '0001-01-01 00:00:00', NULL, NULL, NULL, 5, 7),
(10, '{\"type\": \"Plane\", \"x\":990,\"y\":844,\"width\":876,\"height\":390}',
 '{\"x\":777,\"y\":276,\"width\":803,\"height\":100}', '{\"selectedCameraView\":\"A_1\"}', '2019-06-07 14:53:05',
 '2019-06-07 14:53:05', '0001-01-01 00:00:00', NULL, NULL, NULL, 5, 8),
(11, '{\"type\": \"Plane\", \"x\":990,\"y\":844,\"width\":876,\"height\":390}',
 '{\"x\":937,\"y\":830,\"width\":1213,\"height\":707}', '{\"selectedCameraView\":\"A_1\"}', '2019-06-07 14:53:06',
 '2019-06-07 14:53:06', '0001-01-01 00:00:00', NULL, NULL, NULL, 5, 9),
(12, '{\"type\": \"Plane\", \"x\":990,\"y\":844,\"width\":876,\"height\":390}',
 '{\"x\":937,\"y\":830,\"width\":1213,\"height\":707}', NULL, '2019-06-07 14:53:06',
 '2019-06-07 14:53:06', '0001-01-01 00:00:00', NULL, NULL, NULL, 6, 10),
(13, '{\"type\": \"Plane\", \"x\":990,\"y\":844,\"width\":876,\"height\":390}',
 '{\"x\":937,\"y\":830,\"width\":1213,\"height\":707}', NULL, '2019-06-07 14:53:06',
 '2019-06-07 14:53:06', '0001-01-01 00:00:00', NULL, NULL, NULL, 6, 11);

DELETE FROM `item`;
INSERT INTO `item` (`id`, `identifier`, `minimum_order_amount`, `date_created`, `date_deleted`, `parent_id`,
                    `visualization_mode_id`, `item_status_id`, `configuration_mode`)
VALUES (1, 'demo_calendar', 100, '2019-06-07 14:53:00', '0001-01-01 00:00:00', NULL, 4, 2, 'designer'),
(2, 'demo_hoodie', 1, '2019-06-07 14:53:02', '0001-01-01 00:00:00', NULL, 2, 2, 'designer'),
(3, 'demo_hoodie_blue_s', 1, '2019-06-07 14:53:03', '0001-01-01 00:00:00', 2, NULL, NULL, NULL),
(4, 'demo_hoodie_blue_m', 1, '2019-06-07 14:53:03', '0001-01-01 00:00:00', 2, NULL, NULL, NULL),
(5, 'demo_hoodie_blue_l', 1, '2019-06-07 14:53:03', '0001-01-01 00:00:00', 2, NULL, NULL, NULL),
(6, 'demo_hoodie_blue_xl', 1, '2019-06-07 14:53:03', '0001-01-01 00:00:00', 2, NULL, NULL, NULL),
(7, 'demo_hoodie_green_s', 1, '2019-06-07 14:53:03', '0001-01-01 00:00:00', 2, NULL, NULL, NULL),
(8, 'demo_hoodie_green_m', 1, '2019-06-07 14:53:03', '0001-01-01 00:00:00', 2, NULL, NULL, NULL),
(9, 'demo_hoodie_green_l', 1, '2019-06-07 14:53:03', '0001-01-01 00:00:00', 2, NULL, NULL, NULL),
(10, 'demo_hoodie_green_xl', 1, '2019-06-07 14:53:03', '0001-01-01 00:00:00', 2, NULL, NULL, NULL),
(11, 'demo_hoodie_red_s', 1, '2019-06-07 14:53:03', '0001-01-01 00:00:00', 2, NULL, NULL, NULL),
(12, 'demo_hoodie_red_m', 1, '2019-06-07 14:53:03', '0001-01-01 00:00:00', 2, NULL, NULL, NULL),
(13, 'demo_hoodie_red_l', 1, '2019-06-07 14:53:03', '0001-01-01 00:00:00', 2, NULL, NULL, NULL),
(14, 'demo_hoodie_red_xl', 1, '2019-06-07 14:53:03', '0001-01-01 00:00:00', 2, NULL, NULL, NULL),
(15, 'demo_pen', 500, '2019-06-07 14:53:05', '0001-01-01 00:00:00', NULL, 4, 2, 'designer'),
(16, 'S-012192103920', 500, '2019-06-07 14:53:06', '0001-01-01 00:00:00', 15, NULL, NULL, NULL),
(17, 'S-012192103924', 500, '2019-06-07 14:53:06', '0001-01-01 00:00:00', 15, NULL, NULL, NULL),
(18, 'S-012192103927', 500, '2019-06-07 14:53:06', '0001-01-01 00:00:00', 15, NULL, NULL, NULL),
(19, 'S-012192103934', 500, '2019-06-07 14:53:06', '0001-01-01 00:00:00', 15, NULL, NULL, NULL),
(20, 'S-012192103936', 500, '2019-06-07 14:53:06', '0001-01-01 00:00:00', 15, NULL, NULL, NULL),
(21, 'S-012192103944', 500, '2019-06-07 14:53:06', '0001-01-01 00:00:00', 15, NULL, NULL, NULL),
(22, 'S-012192103946', 500, '2019-06-07 14:53:06', '0001-01-01 00:00:00', 15, NULL, NULL, NULL),
(23, 'S-012192103947', 500, '2019-06-07 14:53:06', '0001-01-01 00:00:00', 15, NULL, NULL, NULL),
(24, 'S-012192103950', 500, '2019-06-07 14:53:06', '0001-01-01 00:00:00', 15, NULL, NULL, NULL),
(25, 'S-012192103955', 500, '2019-06-07 14:53:06', '0001-01-01 00:00:00', 15, NULL, NULL, NULL),
(26, 'S-012192103956', 500, '2019-06-07 14:53:06', '0001-01-01 00:00:00', 15, NULL, NULL, NULL),
(27, 'S-012192103960', 500, '2019-06-07 14:53:06', '0001-01-01 00:00:00', 15, NULL, NULL, NULL),
(28, 'S-012192103962', 500, '2019-06-07 14:53:06', '0001-01-01 00:00:00', 15, NULL, NULL, NULL),
(29, 'S-012192103964', 500, '2019-06-07 14:53:06', '0001-01-01 00:00:00', 15, NULL, NULL, NULL),
(30, 'hoodie', 500, '2019-06-07 14:53:06', '0001-01-01 00:00:00', NULL, 1, 2, 'creator+designer');

DELETE FROM `itemgroup`;
INSERT INTO `itemgroup` (`id`, `identifier`, `sequencenumber`, `configurationvariant`, `date_created`, `date_updated`,
                         `date_deleted`, `user_created_id`, `user_updated_id`, `user_deleted_id`)
VALUES (1, 'color', 1, 0, '2019-06-07 14:53:03', '2019-06-07 14:53:06', '0001-01-01 00:00:00', NULL, NULL, NULL),
(2, 'size', 2, 0, '2019-06-07 14:53:03', '2019-06-07 14:53:03', '0001-01-01 00:00:00', NULL, NULL, NULL);

DELETE FROM `itemgroupentry`;
INSERT INTO `itemgroupentry` (`id`, `identifier`, `sequencenumber`, `date_created`, `date_updated`, `date_deleted`,
                              `user_created_id`, `user_updated_id`, `user_deleted_id`)
VALUES (1, 'blue', 1, '2019-06-07 14:53:03', '2019-06-07 14:53:06', '0001-01-01 00:00:00', NULL, NULL, NULL),
(2, 's', 2, '2019-06-07 14:53:03', '2019-06-07 14:53:03', '0001-01-01 00:00:00', NULL, NULL, NULL),
(4, 'm', 3, '2019-06-07 14:53:03', '2019-06-07 14:53:03', '0001-01-01 00:00:00', NULL, NULL, NULL),
(6, 'l', 4, '2019-06-07 14:53:03', '2019-06-07 14:53:03', '0001-01-01 00:00:00', NULL, NULL, NULL),
(8, 'xl', 5, '2019-06-07 14:53:03', '2019-06-07 14:53:03', '0001-01-01 00:00:00', NULL, NULL, NULL),
(9, 'green', 6, '2019-06-07 14:53:03', '2019-06-07 14:53:06', '0001-01-01 00:00:00', NULL, NULL, NULL),
(17, 'red', 7, '2019-06-07 14:53:03', '2019-06-07 14:53:06', '0001-01-01 00:00:00', NULL, NULL, NULL),
(25, 'clear', 8, '2019-06-07 14:53:06', '2019-06-07 14:53:06', '0001-01-01 00:00:00', NULL, NULL, NULL),
(26, 'grey', 9, '2019-06-07 14:53:06', '2019-06-07 14:53:06', '0001-01-01 00:00:00', NULL, NULL, NULL),
(27, 'black', 10, '2019-06-07 14:53:06', '2019-06-07 14:53:06', '0001-01-01 00:00:00', NULL, NULL, NULL),
(28, 'yellow', 11, '2019-06-07 14:53:06', '2019-06-07 14:53:06', '0001-01-01 00:00:00', NULL, NULL, NULL),
(29, 'orange', 12, '2019-06-07 14:53:06', '2019-06-07 14:53:06', '0001-01-01 00:00:00', NULL, NULL, NULL),
(30, 'copper', 13, '2019-06-07 14:53:06', '2019-06-07 14:53:06', '0001-01-01 00:00:00', NULL, NULL, NULL),
(32, 'rhod-red', 14, '2019-06-07 14:53:06', '2019-06-07 14:53:06', '0001-01-01 00:00:00', NULL, NULL, NULL),
(33, 'purple', 15, '2019-06-07 14:53:06', '2019-06-07 14:53:06', '0001-01-01 00:00:00', NULL, NULL, NULL),
(34, 'cyan', 16, '2019-06-07 14:53:06', '2019-06-07 14:53:06', '0001-01-01 00:00:00', NULL, NULL, NULL),
(36, 'navy', 17, '2019-06-07 14:53:06', '2019-06-07 14:53:06', '0001-01-01 00:00:00', NULL, NULL, NULL),
(38, 'turquoise', 18, '2019-06-07 14:53:06', '2019-06-07 14:53:06', '0001-01-01 00:00:00', NULL, NULL, NULL);

DELETE
FROM `item_itemgroup`;
INSERT INTO `item_itemgroup` (`id`, `date_created`, `date_updated`, `date_deleted`, `user_created_id`,
                              `user_updated_id`, `user_deleted_id`, `item_id`, `itemgroup_id`)
VALUES (1, '2019-06-07 14:53:03', '2019-06-07 14:53:03', '0001-01-01 00:00:00', NULL, NULL, NULL, 3, 1),
(2, '2019-06-07 14:53:03', '2019-06-07 14:53:03', '0001-01-01 00:00:00', NULL, NULL, NULL, 3, 2),
(3, '2019-06-07 14:53:03', '2019-06-07 14:53:03', '0001-01-01 00:00:00', NULL, NULL, NULL, 4, 1),
(4, '2019-06-07 14:53:03', '2019-06-07 14:53:03', '0001-01-01 00:00:00', NULL, NULL, NULL, 4, 2),
(5, '2019-06-07 14:53:03', '2019-06-07 14:53:03', '0001-01-01 00:00:00', NULL, NULL, NULL, 5, 1),
(6, '2019-06-07 14:53:03', '2019-06-07 14:53:03', '0001-01-01 00:00:00', NULL, NULL, NULL, 5, 2),
(7, '2019-06-07 14:53:03', '2019-06-07 14:53:03', '0001-01-01 00:00:00', NULL, NULL, NULL, 6, 1),
(8, '2019-06-07 14:53:03', '2019-06-07 14:53:03', '0001-01-01 00:00:00', NULL, NULL, NULL, 6, 2),
(9, '2019-06-07 14:53:03', '2019-06-07 14:53:03', '0001-01-01 00:00:00', NULL, NULL, NULL, 7, 1),
(10, '2019-06-07 14:53:03', '2019-06-07 14:53:03', '0001-01-01 00:00:00', NULL, NULL, NULL, 7, 2),
(11, '2019-06-07 14:53:03', '2019-06-07 14:53:03', '0001-01-01 00:00:00', NULL, NULL, NULL, 8, 1),
(12, '2019-06-07 14:53:03', '2019-06-07 14:53:03', '0001-01-01 00:00:00', NULL, NULL, NULL, 8, 2),
(13, '2019-06-07 14:53:03', '2019-06-07 14:53:03', '0001-01-01 00:00:00', NULL, NULL, NULL, 9, 1),
(14, '2019-06-07 14:53:03', '2019-06-07 14:53:03', '0001-01-01 00:00:00', NULL, NULL, NULL, 9, 2),
(15, '2019-06-07 14:53:03', '2019-06-07 14:53:03', '0001-01-01 00:00:00', NULL, NULL, NULL, 10, 1),
(16, '2019-06-07 14:53:03', '2019-06-07 14:53:03', '0001-01-01 00:00:00', NULL, NULL, NULL, 10, 2),
(17, '2019-06-07 14:53:03', '2019-06-07 14:53:03', '0001-01-01 00:00:00', NULL, NULL, NULL, 11, 1),
(18, '2019-06-07 14:53:03', '2019-06-07 14:53:03', '0001-01-01 00:00:00', NULL, NULL, NULL, 11, 2),
(19, '2019-06-07 14:53:03', '2019-06-07 14:53:03', '0001-01-01 00:00:00', NULL, NULL, NULL, 12, 1),
(20, '2019-06-07 14:53:03', '2019-06-07 14:53:03', '0001-01-01 00:00:00', NULL, NULL, NULL, 12, 2),
(21, '2019-06-07 14:53:03', '2019-06-07 14:53:03', '0001-01-01 00:00:00', NULL, NULL, NULL, 13, 1),
(22, '2019-06-07 14:53:03', '2019-06-07 14:53:03', '0001-01-01 00:00:00', NULL, NULL, NULL, 13, 2),
(23, '2019-06-07 14:53:03', '2019-06-07 14:53:03', '0001-01-01 00:00:00', NULL, NULL, NULL, 14, 1),
(24, '2019-06-07 14:53:03', '2019-06-07 14:53:03', '0001-01-01 00:00:00', NULL, NULL, NULL, 14, 2),
(25, '2019-06-07 14:53:06', '2019-06-07 14:53:06', '0001-01-01 00:00:00', NULL, NULL, NULL, 16, 1),
(26, '2019-06-07 14:53:06', '2019-06-07 14:53:06', '0001-01-01 00:00:00', NULL, NULL, NULL, 17, 1),
(27, '2019-06-07 14:53:06', '2019-06-07 14:53:06', '0001-01-01 00:00:00', NULL, NULL, NULL, 18, 1),
(28, '2019-06-07 14:53:06', '2019-06-07 14:53:06', '0001-01-01 00:00:00', NULL, NULL, NULL, 19, 1),
(29, '2019-06-07 14:53:06', '2019-06-07 14:53:06', '0001-01-01 00:00:00', NULL, NULL, NULL, 20, 1),
(30, '2019-06-07 14:53:06', '2019-06-07 14:53:06', '0001-01-01 00:00:00', NULL, NULL, NULL, 21, 1),
(31, '2019-06-07 14:53:06', '2019-06-07 14:53:06', '0001-01-01 00:00:00', NULL, NULL, NULL, 22, 1),
(32, '2019-06-07 14:53:06', '2019-06-07 14:53:06', '0001-01-01 00:00:00', NULL, NULL, NULL, 23, 1),
(33, '2019-06-07 14:53:06', '2019-06-07 14:53:06', '0001-01-01 00:00:00', NULL, NULL, NULL, 24, 1),
(34, '2019-06-07 14:53:06', '2019-06-07 14:53:06', '0001-01-01 00:00:00', NULL, NULL, NULL, 25, 1),
(35, '2019-06-07 14:53:06', '2019-06-07 14:53:06', '0001-01-01 00:00:00', NULL, NULL, NULL, 26, 1),
(36, '2019-06-07 14:53:06', '2019-06-07 14:53:06', '0001-01-01 00:00:00', NULL, NULL, NULL, 27, 1),
(37, '2019-06-07 14:53:06', '2019-06-07 14:53:06', '0001-01-01 00:00:00', NULL, NULL, NULL, 28, 1),
(38, '2019-06-07 14:53:06', '2019-06-07 14:53:06', '0001-01-01 00:00:00', NULL, NULL, NULL, 29, 1);

DELETE
FROM `item_itemgroupentry`;
INSERT INTO `item_itemgroupentry` (`id`, `date_created`, `date_updated`, `date_deleted`, `user_created_id`,
                                   `user_updated_id`, `user_deleted_id`, `item_id`, `itemgroupentry_id`, `itemgroup_id`)
VALUES (1, '2019-06-07 14:53:03', '2019-06-07 14:53:03', '0001-01-01 00:00:00', NULL, NULL, NULL, 3, 1, 1),
(2, '2019-06-07 14:53:03', '2019-06-07 14:53:03', '0001-01-01 00:00:00', NULL, NULL, NULL, 3, 2, 2),
(3, '2019-06-07 14:53:03', '2019-06-07 14:53:03', '0001-01-01 00:00:00', NULL, NULL, NULL, 4, 1, 1),
(4, '2019-06-07 14:53:03', '2019-06-07 14:53:03', '0001-01-01 00:00:00', NULL, NULL, NULL, 4, 4, 2),
(5, '2019-06-07 14:53:03', '2019-06-07 14:53:03', '0001-01-01 00:00:00', NULL, NULL, NULL, 5, 1, 1),
(6, '2019-06-07 14:53:03', '2019-06-07 14:53:03', '0001-01-01 00:00:00', NULL, NULL, NULL, 5, 6, 2),
(7, '2019-06-07 14:53:03', '2019-06-07 14:53:03', '0001-01-01 00:00:00', NULL, NULL, NULL, 6, 1, 1),
(8, '2019-06-07 14:53:03', '2019-06-07 14:53:03', '0001-01-01 00:00:00', NULL, NULL, NULL, 6, 8, 2),
(9, '2019-06-07 14:53:03', '2019-06-07 14:53:03', '0001-01-01 00:00:00', NULL, NULL, NULL, 7, 9, 1),
(10, '2019-06-07 14:53:03', '2019-06-07 14:53:03', '0001-01-01 00:00:00', NULL, NULL, NULL, 7, 2, 2),
(11, '2019-06-07 14:53:03', '2019-06-07 14:53:03', '0001-01-01 00:00:00', NULL, NULL, NULL, 8, 9, 1),
(12, '2019-06-07 14:53:03', '2019-06-07 14:53:03', '0001-01-01 00:00:00', NULL, NULL, NULL, 8, 4, 2),
(13, '2019-06-07 14:53:03', '2019-06-07 14:53:03', '0001-01-01 00:00:00', NULL, NULL, NULL, 9, 9, 1),
(14, '2019-06-07 14:53:03', '2019-06-07 14:53:03', '0001-01-01 00:00:00', NULL, NULL, NULL, 9, 6, 2),
(15, '2019-06-07 14:53:03', '2019-06-07 14:53:03', '0001-01-01 00:00:00', NULL, NULL, NULL, 10, 9, 1),
(16, '2019-06-07 14:53:03', '2019-06-07 14:53:03', '0001-01-01 00:00:00', NULL, NULL, NULL, 10, 8, 2),
(17, '2019-06-07 14:53:03', '2019-06-07 14:53:03', '0001-01-01 00:00:00', NULL, NULL, NULL, 11, 17, 1),
(18, '2019-06-07 14:53:03', '2019-06-07 14:53:03', '0001-01-01 00:00:00', NULL, NULL, NULL, 11, 2, 2),
(19, '2019-06-07 14:53:03', '2019-06-07 14:53:03', '0001-01-01 00:00:00', NULL, NULL, NULL, 12, 17, 1),
(20, '2019-06-07 14:53:03', '2019-06-07 14:53:03', '0001-01-01 00:00:00', NULL, NULL, NULL, 12, 4, 2),
(21, '2019-06-07 14:53:03', '2019-06-07 14:53:03', '0001-01-01 00:00:00', NULL, NULL, NULL, 13, 17, 1),
(22, '2019-06-07 14:53:03', '2019-06-07 14:53:03', '0001-01-01 00:00:00', NULL, NULL, NULL, 13, 6, 2),
(23, '2019-06-07 14:53:03', '2019-06-07 14:53:03', '0001-01-01 00:00:00', NULL, NULL, NULL, 14, 17, 1),
(24, '2019-06-07 14:53:03', '2019-06-07 14:53:03', '0001-01-01 00:00:00', NULL, NULL, NULL, 14, 8, 2),
(25, '2019-06-07 14:53:06', '2019-06-07 14:53:06', '0001-01-01 00:00:00', NULL, NULL, NULL, 16, 25, 1),
(26, '2019-06-07 14:53:06', '2019-06-07 14:53:06', '0001-01-01 00:00:00', NULL, NULL, NULL, 17, 26, 1),
(27, '2019-06-07 14:53:06', '2019-06-07 14:53:06', '0001-01-01 00:00:00', NULL, NULL, NULL, 18, 27, 1),
(28, '2019-06-07 14:53:06', '2019-06-07 14:53:06', '0001-01-01 00:00:00', NULL, NULL, NULL, 19, 28, 1),
(29, '2019-06-07 14:53:06', '2019-06-07 14:53:06', '0001-01-01 00:00:00', NULL, NULL, NULL, 20, 29, 1),
(30, '2019-06-07 14:53:06', '2019-06-07 14:53:06', '0001-01-01 00:00:00', NULL, NULL, NULL, 21, 30, 1),
(31, '2019-06-07 14:53:06', '2019-06-07 14:53:06', '0001-01-01 00:00:00', NULL, NULL, NULL, 22, 17, 1),
(32, '2019-06-07 14:53:06', '2019-06-07 14:53:06', '0001-01-01 00:00:00', NULL, NULL, NULL, 23, 32, 1),
(33, '2019-06-07 14:53:06', '2019-06-07 14:53:06', '0001-01-01 00:00:00', NULL, NULL, NULL, 24, 33, 1),
(34, '2019-06-07 14:53:06', '2019-06-07 14:53:06', '0001-01-01 00:00:00', NULL, NULL, NULL, 25, 34, 1),
(35, '2019-06-07 14:53:06', '2019-06-07 14:53:06', '0001-01-01 00:00:00', NULL, NULL, NULL, 26, 9, 1),
(36, '2019-06-07 14:53:06', '2019-06-07 14:53:06', '0001-01-01 00:00:00', NULL, NULL, NULL, 27, 36, 1),
(37, '2019-06-07 14:53:06', '2019-06-07 14:53:06', '0001-01-01 00:00:00', NULL, NULL, NULL, 28, 1, 1),
(38, '2019-06-07 14:53:06', '2019-06-07 14:53:06', '0001-01-01 00:00:00', NULL, NULL, NULL, 29, 38, 1);

DELETE FROM `itemtext`;
INSERT INTO `itemtext` (`id`, `title`, `abstract`, `description`, `searchtext`, `data`, `date_created`, `date_updated`,
                        `date_deleted`, `user_created_id`, `user_updated_id`, `user_deleted_id`, `item_id`,
                        `language_id`)
VALUES (1, 'Demo Calender', NULL, '', NULL, NULL, '2019-06-07 14:53:00', '2019-06-07 14:53:00', '0001-01-01 00:00:00',
        NULL, NULL, NULL, 1, 2),
(3, 'Demo Hoodie', NULL, '', NULL, NULL, '2019-06-07 14:53:02', '2019-06-07 14:53:02', '0001-01-01 00:00:00', NULL,
 NULL, NULL, 2, 1),
(4, 'Demo Kaputzenpullover', NULL, '', NULL, NULL, '2019-06-07 14:53:02', '2019-06-07 14:53:02', '0001-01-01 00:00:00',
 NULL, NULL, NULL, 2, 2),
(5, 'Demo Hoodie Blue S', NULL, '', NULL, NULL, '2019-06-07 14:53:03', '2019-06-07 14:53:03', '0001-01-01 00:00:00',
 NULL, NULL, NULL, 3, 1),
(6, 'Demo Kaputzenpullover Blau S', NULL, '', NULL, NULL, '2019-06-07 14:53:03', '2019-06-07 14:53:03',
 '0001-01-01 00:00:00', NULL, NULL, NULL, 3, 2),
(7, 'Demo Hoodie Blue M', NULL, '', NULL, NULL, '2019-06-07 14:53:03', '2019-06-07 14:53:03', '0001-01-01 00:00:00',
 NULL, NULL, NULL, 4, 1),
(8, 'Demo Kaputzenpullover Blau M', NULL, '', NULL, NULL, '2019-06-07 14:53:03', '2019-06-07 14:53:03',
 '0001-01-01 00:00:00', NULL, NULL, NULL, 4, 2),
(9, 'Demo Hoodie Blue L', NULL, '', NULL, NULL, '2019-06-07 14:53:03', '2019-06-07 14:53:03', '0001-01-01 00:00:00',
 NULL, NULL, NULL, 5, 1),
(10, 'Demo Kaputzenpullover Blau L', NULL, '', NULL, NULL, '2019-06-07 14:53:03', '2019-06-07 14:53:03',
 '0001-01-01 00:00:00', NULL, NULL, NULL, 5, 2),
(11, 'Demo Hoodie Blue XL', NULL, '', NULL, NULL, '2019-06-07 14:53:03', '2019-06-07 14:53:03', '0001-01-01 00:00:00',
 NULL, NULL, NULL, 6, 1),
(12, 'Demo Kaputzenpullover Blau XL', NULL, '', NULL, NULL, '2019-06-07 14:53:03', '2019-06-07 14:53:03',
 '0001-01-01 00:00:00', NULL, NULL, NULL, 6, 2),
(13, 'Demo Hoodie Green S', NULL, '', NULL, NULL, '2019-06-07 14:53:03', '2019-06-07 14:53:03', '0001-01-01 00:00:00',
 NULL, NULL, NULL, 7, 1),
(14, 'Demo Kaputzenpullover Grün S', NULL, '', NULL, NULL, '2019-06-07 14:53:03', '2019-06-07 14:53:03',
 '0001-01-01 00:00:00', NULL, NULL, NULL, 7, 2),
(15, 'Demo Hoodie Green M', NULL, '', NULL, NULL, '2019-06-07 14:53:03', '2019-06-07 14:53:03', '0001-01-01 00:00:00',
 NULL, NULL, NULL, 8, 1),
(16, 'Demo Kaputzenpullover Grün M', NULL, '', NULL, NULL, '2019-06-07 14:53:03', '2019-06-07 14:53:03',
 '0001-01-01 00:00:00', NULL, NULL, NULL, 8, 2),
(17, 'Demo Hoodie Green L', NULL, '', NULL, NULL, '2019-06-07 14:53:03', '2019-06-07 14:53:03', '0001-01-01 00:00:00',
 NULL, NULL, NULL, 9, 1),
(18, 'Demo Kaputzenpullover Grün L', NULL, '', NULL, NULL, '2019-06-07 14:53:03', '2019-06-07 14:53:03',
 '0001-01-01 00:00:00', NULL, NULL, NULL, 9, 2),
(19, 'Demo Hoodie Green XL', NULL, '', NULL, NULL, '2019-06-07 14:53:03', '2019-06-07 14:53:03', '0001-01-01 00:00:00',
 NULL, NULL, NULL, 10, 1),
(20, 'Demo Kaputzenpullover Grün XL', NULL, '', NULL, NULL, '2019-06-07 14:53:03', '2019-06-07 14:53:03',
 '0001-01-01 00:00:00', NULL, NULL, NULL, 10, 2),
(21, 'Demo Hoodie Red S', NULL, '', NULL, NULL, '2019-06-07 14:53:03', '2019-06-07 14:53:03', '0001-01-01 00:00:00',
 NULL, NULL, NULL, 11, 1),
(22, 'Demo Kaputzenpullover Rot S', NULL, '', NULL, NULL, '2019-06-07 14:53:03', '2019-06-07 14:53:03',
 '0001-01-01 00:00:00', NULL, NULL, NULL, 11, 2),
(23, 'Demo Hoodie Red M', NULL, '', NULL, NULL, '2019-06-07 14:53:03', '2019-06-07 14:53:03', '0001-01-01 00:00:00',
 NULL, NULL, NULL, 12, 1),
(24, 'Demo Kaputzenpullover Rot M', NULL, '', NULL, NULL, '2019-06-07 14:53:03', '2019-06-07 14:53:03',
 '0001-01-01 00:00:00', NULL, NULL, NULL, 12, 2),
(25, 'Demo Hoodie Rot L', NULL, '', NULL, NULL, '2019-06-07 14:53:03', '2019-06-07 14:53:03', '0001-01-01 00:00:00',
 NULL, NULL, NULL, 13, 1),
(26, 'Demo Kaputzenpullover Red L', NULL, '', NULL, NULL, '2019-06-07 14:53:03', '2019-06-07 14:53:03',
 '0001-01-01 00:00:00', NULL, NULL, NULL, 13, 2),
(27, 'Demo Hoodie Red XL', NULL, '', NULL, NULL, '2019-06-07 14:53:03', '2019-06-07 14:53:03', '0001-01-01 00:00:00',
 NULL, NULL, NULL, 14, 1),
(28, 'Demo Kaputzenpullover Rot XL', NULL, '', NULL, NULL, '2019-06-07 14:53:03', '2019-06-07 14:53:03',
 '0001-01-01 00:00:00', NULL, NULL, NULL, 14, 2),
(29, 'Demo Pen', NULL, '', NULL, NULL, '2019-06-07 14:53:05', '2019-06-07 14:53:05', '0001-01-01 00:00:00', NULL, NULL,
 NULL, 15, 1),
(30, 'Demo Kugelschreiber', NULL, '', NULL, NULL, '2019-06-07 14:53:05', '2019-06-07 14:53:05', '0001-01-01 00:00:00',
 NULL, NULL, NULL, 15, 2),
(31, 'Demo Pen Clear', NULL, '', NULL, NULL, '2019-06-07 14:53:06', '2019-06-07 14:53:06', '0001-01-01 00:00:00', NULL,
 NULL, NULL, 16, 1),
(32, 'Demo Kugelschreiber Durchsichtig', NULL, '', NULL, NULL, '2019-06-07 14:53:06', '2019-06-07 14:53:06',
 '0001-01-01 00:00:00', NULL, NULL, NULL, 16, 2),
(33, 'Demo Pen grey', NULL, '', NULL, NULL, '2019-06-07 14:53:06', '2019-06-07 14:53:06', '0001-01-01 00:00:00', NULL,
 NULL, NULL, 17, 1),
(34, 'Demo Kugelschreiber grau', NULL, '', NULL, NULL, '2019-06-07 14:53:06', '2019-06-07 14:53:06',
 '0001-01-01 00:00:00', NULL, NULL, NULL, 17, 2),
(35, 'Demo Pen black', NULL, '', NULL, NULL, '2019-06-07 14:53:06', '2019-06-07 14:53:06', '0001-01-01 00:00:00', NULL,
 NULL, NULL, 18, 1),
(36, 'Demo Kugelschreiber schwarz', NULL, '', NULL, NULL, '2019-06-07 14:53:06', '2019-06-07 14:53:06',
 '0001-01-01 00:00:00', NULL, NULL, NULL, 18, 2),
(37, 'Demo Pen yellow', NULL, '', NULL, NULL, '2019-06-07 14:53:06', '2019-06-07 14:53:06', '0001-01-01 00:00:00', NULL,
 NULL, NULL, 19, 1),
(38, 'Demo Kugelschreiber gelb', NULL, '', NULL, NULL, '2019-06-07 14:53:06', '2019-06-07 14:53:06',
 '0001-01-01 00:00:00', NULL, NULL, NULL, 19, 2),
(39, 'Demo Pen orange', NULL, '', NULL, NULL, '2019-06-07 14:53:06', '2019-06-07 14:53:06', '0001-01-01 00:00:00', NULL,
 NULL, NULL, 20, 1),
(40, 'Demo Kugelschreiber orange', NULL, '', NULL, NULL, '2019-06-07 14:53:06', '2019-06-07 14:53:06',
 '0001-01-01 00:00:00', NULL, NULL, NULL, 20, 2),
(41, 'Demo Pen copper', NULL, '', NULL, NULL, '2019-06-07 14:53:06', '2019-06-07 14:53:06', '0001-01-01 00:00:00', NULL,
 NULL, NULL, 21, 1),
(42, 'Demo Kugelschreiber kupfer', NULL, '', NULL, NULL, '2019-06-07 14:53:06', '2019-06-07 14:53:06',
 '0001-01-01 00:00:00', NULL, NULL, NULL, 21, 2),
(43, 'Demo Pen red', NULL, '', NULL, NULL, '2019-06-07 14:53:06', '2019-06-07 14:53:06', '0001-01-01 00:00:00', NULL,
 NULL, NULL, 22, 1),
(44, 'Demo Kugelschreiber rot', NULL, '', NULL, NULL, '2019-06-07 14:53:06', '2019-06-07 14:53:06',
 '0001-01-01 00:00:00', NULL, NULL, NULL, 22, 2),
(45, 'Demo Pen rhod. red', NULL, '', NULL, NULL, '2019-06-07 14:53:06', '2019-06-07 14:53:06', '0001-01-01 00:00:00',
 NULL, NULL, NULL, 23, 1),
(46, 'Demo Kugelschreiber rhod. rod', NULL, '', NULL, NULL, '2019-06-07 14:53:06', '2019-06-07 14:53:06',
 '0001-01-01 00:00:00', NULL, NULL, NULL, 23, 2),
(47, 'Demo Pen purple', NULL, '', NULL, NULL, '2019-06-07 14:53:06', '2019-06-07 14:53:06', '0001-01-01 00:00:00', NULL,
 NULL, NULL, 24, 1),
(48, 'Demo Kugelschreiber violett', NULL, '', NULL, NULL, '2019-06-07 14:53:06', '2019-06-07 14:53:06',
 '0001-01-01 00:00:00', NULL, NULL, NULL, 24, 2),
(49, 'Demo Pen cyan', NULL, '', NULL, NULL, '2019-06-07 14:53:06', '2019-06-07 14:53:06', '0001-01-01 00:00:00', NULL,
 NULL, NULL, 25, 1),
(50, 'Demo Kugelschreiber hellblau', NULL, '', NULL, NULL, '2019-06-07 14:53:06', '2019-06-07 14:53:06',
 '0001-01-01 00:00:00', NULL, NULL, NULL, 25, 2),
(51, 'Demo Pen green', NULL, '', NULL, NULL, '2019-06-07 14:53:06', '2019-06-07 14:53:06', '0001-01-01 00:00:00', NULL,
 NULL, NULL, 26, 1),
(52, 'Demo Kugelschreiber grün', NULL, '', NULL, NULL, '2019-06-07 14:53:06', '2019-06-07 14:53:06',
 '0001-01-01 00:00:00', NULL, NULL, NULL, 26, 2),
(53, 'Demo Pen navy', NULL, '', NULL, NULL, '2019-06-07 14:53:06', '2019-06-07 14:53:06', '0001-01-01 00:00:00', NULL,
 NULL, NULL, 27, 1),
(54, 'Demo Kugelschreiber dunkelblau', NULL, '', NULL, NULL, '2019-06-07 14:53:06', '2019-06-07 14:53:06',
 '0001-01-01 00:00:00', NULL, NULL, NULL, 27, 2),
(55, 'Demo Pen blue', NULL, '', NULL, NULL, '2019-06-07 14:53:06', '2019-06-07 14:53:06', '0001-01-01 00:00:00', NULL,
 NULL, NULL, 28, 1),
(56, 'Demo Kugelschreiber blau', NULL, '', NULL, NULL, '2019-06-07 14:53:06', '2019-06-07 14:53:06',
 '0001-01-01 00:00:00', NULL, NULL, NULL, 28, 2),
(57, 'Demo Pen turquoise', NULL, '', NULL, NULL, '2019-06-07 14:53:06', '2019-06-07 14:53:06', '0001-01-01 00:00:00',
 NULL, NULL, NULL, 29, 1),
(58, 'Demo Kugelschreiber türkis', NULL, '', NULL, NULL, '2019-06-07 14:53:06', '2019-06-07 14:53:06',
 '0001-01-01 00:00:00', NULL, NULL, NULL, 29, 2),
(59, 'Hoodie creator + designer', NULL, '', NULL, NULL, '2019-06-07 14:53:06', '2019-06-07 14:53:06',
 '0001-01-01 00:00:00', NULL, NULL, NULL, 30, 1),
(60, 'Hoodie creator + designer', NULL, '', NULL, NULL, '2019-06-07 14:53:06', '2019-06-07 14:53:06',
 '0001-01-01 00:00:00', NULL, NULL, NULL, 30, 2);
